name,data
Cavern_Block,AAAAAAAAAAAAAAAAAAAAACAgICAgICAgICAgICAgICAEKSkHMQUFFzEFBRcoEBARPDw8PDw8PDw8PDw8PDw8PCAgICAgICAgAgMCAxITEhMCAwIDEhMSEyAgICAgICAgAgMgIBITICACAyAgEhMgICAgAgMgIBITICACAyAgEhMCAwIDEhMSEwIDICASEyAgAgMCAxITEhMgIAIDICASEwIDICASEyAgAgMCAxITEhMgIAIDICASEwIDAgMSExITICAgICAgICACAyAgEhMgICAgICAgICAgICACAyAgEhMCAyAgEhMgICAgICAgICAgICACAyAgEhMgICAgICAgICAgICAgICAgICACAyAgEhMgICAgICAgIAIDICASEyAgICACAyAgEhMgICAgICAgIAIDICASEyAgICAgICAgICAgBCkpBDEFBTExBQUxMQUFKSkpKQUFBQUFBQUFBQUFBSkpByAFBRcHBQUXFwUFFxcEKSkHMQUFFzEFBRcxBQUXMTEFBTExBQUxMQUFMTEFBQUFBQUFBQUFBQUFBQUFBQUFBRcXBQUXFwUFFxcFBRcXMQUFFzEFBRcxBQUXMQUFFzExBQUxMQUFMSgQECgQEBAFBQUFBQUFBRAQEBAQEBAQBQUXFwUFFxcQEBEXEBAQETEFBRcxBQUXMQUFFygQEBEEKSkpMQUFBTEFBQUoEBAQKSkpKQUFBQUFBQUFEBAQECkpKQcFBQUXBQUFFxAQEBEICQIDGBkSEyAgICAgICAgICAgICAgICAhISEhISEhIQUFBicFBSQBEBAQEBAQEBACAykpEhMFBQIDBQUSEwUFCAkgIBgZICAgICAgICAgICAgICAgICAgICAICSAgGBkFBQUFBQUFBRUWFRYVFhUWICAgICAgICAgIA4PICAeHwUFBQUFBQUFECYFBSYxBQUFBQUFBQUFBQUFJRAFBRclBQUFBQUFBQUQEBUWEBAVFhAQEBAQEBAQEBAQEBAQEBAGJwYnJAEkAQYnBickASQBBQUlEAUFFyUFBRcXBQUXFxAQEBAQEBAQICAgICAgICAQJgUFJjEFBTExBQUxMQUFBQUFBQUFBQUGJwYnJAEkAQYnBQUkAQUFBicGJyQBJAEFBQYnBQUkAQYnBickASQBBicFBSQBBQUGJwUFJAEFBQUFBicFBSQBBQUGJwUFJAEGJwYnJAEkARAQEBAQEBAQEBAQEBAQEBAFBQUFBQUFBQYnBQUkAQUFEBAFBRAQBQUFBQYnBQUkAQUFEBAFBRAQBQUFBQUFBQUFBQgJBQUYGQUFBQUFBQUFBQUKCwUFGhsgICAgICAgICAgCgsgIBobPDw8PDw8PDwQEBAQEBAQEBAQEBAQEBAQECYFBSYxBQUQEBAQEBAQEAUFBQUFBQUFEBAQEBAQEBAFBSUQBQUXJRAQEBAQEBAQBicGJyQBJAEFBQUFBQUFBSUQEBAXJRAQBQUFBQUFBQUQEBAmEBAmMRAQECYQECYxICAxMSAgMTEgICAgICAgIAYnBickASQBFxcgIBcXICAXFyAgFxcgICAgMTEgIDExICAxMSAgMTEXFyAgFxcgIAYnBickASQBICAxMSAgMTEGJwYnJAEkAQwNICAcHSAgDA0MDRwdHB0CAwwNEhMcHQIDDA0SExwdAgMCAxITEhMCAwwNEhMcHQIDAgMSExITDA0gIBwdICAhISAgISEgIAIDAgMSExITDA0MDRwdHB0CAwIDEhMSEwwNDA0cHRwdDA0MDRwdHB0CAwwNEhMcHQIDAgMSExITMSgVFigQFRYgICAgICAgIBAQEBAQEBAQICAgICAgICApKRAQBQUQEAUFKioFBSoqEBAQEBAQEBACAyAgEhMgIBcXAgMXFxITERcCAxAREhMgIAIDICASEwcgAgMXBxITEBAqKhAQKiogICAgICAgICAgICAgICAgKSkpKQUFBQUgICAgICAgICkpICAFBSAgByAgIBcHICApKSkpBQUFBSAgICAgICAgDA0MDRwdHB0CAwIDEhMSEwwNDA0cHRwdKioqKioqKioqKioqKioqKgUFCgsFBRobEBAQEBAQEBACAwIDEhMSEwIDCgsSExobAgMCAxITEhMgICEhICAhISAgKSkgIAUFICAFBSAgBQUCAyssEhMtLgIDAgMSExITMTEFBTExBQUxKBUWKBAVFiAgISEgICEhICACAyAgEhMgICAgICAgIC8vICAiIiAgICAgICAgICAgIC8vICAiIiAgICAgICAgIAQpKQQxBQUMDQwNHB0cHSkpKSkFBQUFICAgICAgICAgICssICAtLgwNICAcHSAgDA0gIBwdICAMDQwNHB0cHSAgICAgICAgICAgICAgICAHICAgFwcgIBcXAgMXFxITFxcCAxcXEhMHIAIDFwcSExcXAgMXFxITDA0CAxwdEhMCAwIDEhMSExcXICAXFyAgFxcgIBcXICACAwIDEhMSEwwNAgMcHRITKSkpKQUFBQUFBQ4PBQUeHxQUFBQUFBQUFBQUFBQUFBQvLyAgIiIgICAgICAgICAgICAvLyAgIiIgICAgICAgIAUFCAkFBRgZEBAQEBAQEBAMDQwNHB0cHSAgDA0gIBwdMTEFBTExBQUFBQUFBQUFBSkpKSkFBQUFBQUKCwUFGhsCAwIDEhMSEwIDAgMSExITFxcgIBcXICAFBSkpBQUFBSkpByAFBRcHCgsXFxobFxc=
Cemetery_Block,R0dHR0dHR0dHR0dHR0dHRxEREREREREREREREREREREJCgkKGRoZGgkKCQoZGhkaEREREREREREJCgkKGRoZGgkKCQoZGhkaEREJChERGRoJCgkKGRoZGhERERERERERCQoJChkaGRoBAQEBAQEBAQkKCQoZGhkaAQEJCgEBGRoJChERGRoREQkKCQoZGhkaEREJChERGRoJCgkKGRoZGgkKCQoZGhkaCQoBARkaAQEJCgkKGRoZGgkKEREZGhEREREJChERGRoREQkKEREZGgkKEREZGhERCQoRERkaEREBAQEBAQEBAQEBAQEBAQEBEBAQEAEBAQEBAQEBAQEBARERCQoRERkaCQoJChkaGRoJCgEBGRoBAQkKCwwZGhscAQEJCgEBGRoDBAkKExQZGgEBAQEBAQEBAQEFBgEBFRYJCgkKGRoZGhERCQoRERkaCQoBARkaAQEJCgMEGRoTFAEBCQoBARkaCwwJChscGRoBAQEBAQEBAQUGAQEVFgEBCQoJChkaGRoJChAQGRoBAQkKCQoZGhkaEBAQEAEBAQEJCgkKGRoZGhAQCQoBARkaCQoBARkaAQEDBAEBExQBAQkKAQEZGgEBCQoJChkaGRoBAQEBAQEBAQkKCQoZGhkaAQEJCgEBGRoJCgkKGRoZGgEBCQoBARkaAQEBAQEBAQEBAQkKAQEZGgEBCQoBARkaAQEBAQEBAQELDAEBGxwBAQICAgISEhISEBAQEAEBAQECAg0OEhIdHhAQHR4BAR0eAgICAhISEhIQEBAQAQEBAQEBHR4BAR0eAQEdHgEBHR4BAQEBAQEBAQ8PDw8fHx8fCQoBARkaAQEJCg8PGRofHwEBCQoBARkaDw8JCh8fGRofHx8fHx8fHx8fHx8fHx8fHx8fHx8fHx8JCgkKGRoZGgEBHR4BAR0eDw8PDx8fHx8NAgIOISAgIzEwMDM9Pj0+AQEBAQEBAQEHCAcIFxgXGAkKHx8ZGh8fCQoJChkaGRofHwkKHx8ZGgkKCQoZGhkaCQoDBBkaExQJCgkKGRoZGgkKCwwZGhscCQoJChkaGRoDBAEBExQBAQMEAQETFAEBIiIiIiIiIiIiIiIiIiIiIgkKCQoZGhkaEBAQEAEBAQEJCgkKGRoZGgkKCQoZGhkaAQEBAQEBAQEBAQEBAQEBAQEBAQEBAQEBCQoJChkaGRoBAQEBAQEBAQkKCQoZGhkaCQoBARkaAQEJCgEBGRoBAQkKCQoZGhkaCQoBARkaAQEHCAcIFxgXGAEBAQEBAQEBEREREREREREREQkKEREZGhERERERERERCQoRERkaEREJChERGRoRERERERERERERAgICAhISEhIBAQEBAQEBAS0qKiorLDo6KywQECssAQEqKioqOjo6OhAQEBABAQEBKioqLjo6KywQECssAQErLCgpKCk4OTg5ODk4OUhJSEkrLAEBKywBASssAQErLAEBAQEBAScvAQE3PwEBPT4BAQEBKywBASssAQErLAEBKywgICAgMDAwMAEBAQEBAQEBKywBASssAQEtKioqOzo6OgEBAQEBAQEBKioqKjo6OjoBASssAQErLCoqKi46Ojo8AQEBAQEBJy8BATc/AQE9PgUGBQYVFhUWAQEBAQEBAQEFBgEBFRYBAQEBAQEBAQEBAQEFBgEBFRYBAQEBAQEBAQEBAQEBAQEBBQYFBhUWFRYBAQUGAQEVFgEBBQYBARUWBQYBARUWAQEFBgEBFRYBAQUGBQYVFhUWBQYFBhUWFRYJCgUGGRoVFgkKCQoZGhkaBQYJChUWGRoJCgkKGRoZGgUGAQEVFgEBCQoJChkaGRoFBgUGFRYVFgkKCQoZGhkaCQoBARkaAQEJCgUGGRoVFgEBCQoBARkaBQYJChUWGRoFBgkKFRYZGgUGCQoVFhkaCQoFBhkaFRYJCgUGGRoVFgkKCQoZGhkaBQYFBhUWFRYJCgkKGRoZGgEBBQYBARUWCQoJChkaGRoFBgEBFRYBAQkKBQYZGhUWCQoBARkaAQEFBgkKFRYZGgEBCQoBARkaCQoJChkaGRoJCgUGGRoVFgkKCQoZGhkaBQYJChUWGRoBAQUGAQEVFgkKCQoZGhkaCQoJChkaGRoBAQUGAQEVFgkKCQoZGhkaBQYBARUWAQEBAQUGAQEVFgUGAQEVFgEBBQYBARUWAQEBAQUGAQEVFgUGAQEVFgEBBQYFBhUWFRYBAQUGAQEVFgUGBQYVFhUWBQYFBhUWFRYFBgEBFRYBAQUGBQYVFhUWAQEFBgEBFRYJCgkKGRoZGhAQBQYBARUWCQoBARkaJy8JCjc/GRo9PgEBCQonLxkaNz8JCj0+GRo=
Club_Block,AAAAAAAAAAAAAAAAAAAAAA8fDx8fDx8PCgoKChoaGhoDBgYGEwYHCA8fBwgfDwcIBgYGBgYGBgYPHw8fHw8fDwYBAgMGERITCwwOHxscCQ8GBgECBgYREg8LDA4eGxwJDx8HCB8PBwgPHwcIHw8XGA8fDx8fDx8PNhAQBRcYFxgPCwwOHhscCQ8fDx8fDx8PHQ0PHxUWHw8PHx0NHw8VFg8fDx8fDx8PDx8PHx8PHw8PCwwOHhscCQ8LDA4eGxwJICEPHyIjHw8kJQ8fJicfDw8fICEfDyIjDx8kJR8PJicZGRkZGRkZGRkZGRkZGRkZDx8PHx8PHw8ZGRkZGRkZGQ8fDykfDykpDykpDykpDw8sLCwsLCwsLA8PDw8PQEEPKA8PHygoHw8PKCgfDw8oKAYwMQYGMjMGDx8PHx8PHw8uLiorLi4mJygoDw8fKCgPOzw9Pjc4OToPDw8PDw8PDyorLy8mJy8vDw8pKQ8pKQ8GBjQ0BgY0NA8fNTUfDx8PDx8oKB8PHygPHw8fHw8fDy0tLS0tLS0tDx8PHx8PHw8pKQ8fKQ8fDw8fDx8fDx8PNDQGBjQ0BgY1NQ8fHw8fD0dISUoXGBcYDw8PDw8PDw8pLCwoLCwsLA8PDw8fDw8fP0RERUJDQ0YPHw8fHw8fDywsLCwsLCwsDw8PDw8PDw8PHw8pHw8fKA8fDx8fDx8PKS4qKyguJicoKA8PHygoDyorLygmJy8pDw8pKQ8pKQ8oHw8fKQ8fDw8fDx8fDx8P
Facility_Block,AAAAAAAAAAAAAAAAAAAAABEREREREREREREREREREREBASAwAQEgMCExAQEhMQEBAQExMQEBMDAxMQEBMDABAQEBIiIBAVJSAQFSUgEBIiIiIgEBUlIBAVJSAQEiIgEBU1RTVDYmNiZTVFNUNiY2JlNUU1Q2JjYmAQEBAQEBAQFCUlJCQlJSQgEBAQEBAQEBAQEFBgEBFRYBAQcPAQEXHwkKAQEZGgEBAQEBAQEBAQEFBgUGFRYVFgcPBw8XHxcfBQYtLhUWKywHDyssFx8rLAUGAQEVFgEBBw8BARcfAQEBAQEBAQEBAQEBAQEBAQEBAQEhIQEBICABASEhAQEgICoqKio6Ojo6DQ4BAR0eAQEBAQkKAQEZGgEBAQEBAQEBKywFBissFRYrLAcPKywXHwkKCQoZGhkaXl4BAV5eAQEJCgEBGRoBAQEBITEBASExXl4JCl5eGRoBAQkKAQEZGgkKKywZGissCQorLBkaKywhMQkKITEZGgEBCQoBARkaCQoJChkaGRoJCgEBGRoBAQkKCQoZGhkaAQEBAQEBAQEJCgkKGRoZGgEBCQoBARkaCQoBARkaAQEhIQEBICABAQkKAQEZGgEBCQoJChkaGRoBAQEBAQEBAQkKCQoZGhkaAQEJCgEBGRoJCgkKGRoZGkBAQEBQUFBQEREREREREREBAQkKAQEZGgEBCQoBARkaAQEBAQEBAQELDAEBGxwBAQEBAQEBAQEBAgICAhISEhIdHgEBHR4BAR0eAQESEgEBCwxXVxscWVkBAQEBAQEBAR0eAQEdHgEBHR4BAR0eAQEBAQkKAQEZGjExAQEwMAEBAQExMQEBMDAhMQEBITEBAQ0ODQ5MTUxNKioqKjo6OjoBAV5eAQFeXgkKCQoZGhkaKi4BATo8AQEBAQEBAQEBAQEBLSoBATs6AQEBAQEBAQEBAQEBAQEBAUJSUkJCUlJCAQEBAQEBAQEICAgIGBgYGDMzMzMzMzMzMzMzMzMzMzMBAQEBAQEBAQEBITEBASAwMjIyMjIyMjIyMjIyMjIyMgEBU1QBATYmAQFTVAEBNiYDBAEBE04BAQMEAQETTgEBCQoJChkaGRoqKioqOjo6OgEBAQEBAQEBDQICDh01NR4JCgkKGRoZGgkKCQoZGhkaHTU1Hh01NR4dNTUeHTU1Hh01NR5ERUVEAQEBAQEBAQFTVAEBNiYBAVNUAQE2JgEBCQoBARkaAQEJCgEBGRoBAUJSAwRCUhNOQlJSUkJSUlJSUlJCUlJSQlJSUkJSUlJCLS5XVyssWVkrLAEBKywBAVdXV1dZWVlZAQEBAQEBAQFXVy0uWVkrLAEBKywBASssQlJSUkJSUlJCUlJSQlJSUi0qKiorLDo6KywBASssAQEqKioqOjo6OgEBAQEBAQEBKioqLjo6KywBASssAQErLCgpAQE4OQEBODkBARkaAQErLAEBKywBASssAQErLAEBAQEBAQEBJy8BATc/AQE9PgEBKywBASssAQErLAEBKywNAgIOHTU1Hh01NR5ERUVEKywBASssAQEtKioqOzo6OgEBAQEBAQEBKioqKjo6OjoBASssAQErLCoqKi46Ojo8KipHXzo6XF0BAQEBAQEBATIyMjIyMjIyKioqKjo6OjoxMQEBMDABAQEBIDABASAwAQEBAQEBAQEBAQsMAQEbHEBAKyxQUDs8ERERERERERErLAEBKywBASssKiorLDo6AQErLAEBKywqKissOjorLAEBAQEBAQEBLS4BASssAQEBAQEBAQEBAQEBLS4BASssCAgICBgYGBgBAQEBAQEBASssAQErLAEBKywBATs8AQEBASssAQErLAEBKywBATs8AQEBAQEBAQEtKioqOzo6OgEBAQEBAQEBKioqLjo6OjwtLgEBKywBASssAQErLAEBAQEtLgEBKywBASssAQErLBQUFBQUFBQUFBQUFBQUFBQrLFNUKyw2JissU1QrLDYmU1QrLDYmKyxTVCssNiYrLAEBJy8BATc/AQFKSwEBTE0BASQlAQEkJQEBJCUBASQlLSoqKissDQ4rLA0OKywdHioqKioNDg0OSktKS0xNTE0qKiouDQ4rLA0OKywdHissKioqLjo6OjwBAQEBAQEBASssDQ4rLB0eKyxKSyssTE0qKioqOjo6OlNUU1Q2JjYmDQ4rLB0eKyxKSyssTE0rLC0qKio7Ojo6AQEBAQEBAQEtKioqKyw6OissU1QrLDYmKioqLjo6KyxTVCssNiYrLCoqKio6Ojo6AwQBARNOAQErLCoqKywNDissSksrLExNQREREUERERFBERERQREREUERERFREREREREREREREREBAQMEAQETTgEBAQEBAQEBAQELDAEBGxwBAQEBAQEBASssAQE7PAEBAQEBAQEBAQEBASssAQE7PAEBAQEBAQEBAQEBAQEBAQEtKiouOzo6PCoqKio6Ojo6CwwBARscAQEtLgEBKywBASssAQE7PAEBT09PT08UFBRPFBQUTxQUFE9PT08UFBRPFBQUTxQUFE8BAQEBJy8BATc/AQE9PgEBI0YBAUhJAQEBAQEBAQEBASssCQorLBkaKywBASssAQEqKioqOjo6OgkKAQEZGgEBDQICDh01NR4dNTUeHTU1HlZWV1dYWFlZAQEBAQEBAQFaW1dXQzRZWQEBAQEBAQEBKywBASssAQErLAICKywSEldXV1cNDllZHR4BAR0eAQE=
Forest_Block,AAAAAAAAAAAAAAAAAAAAADQgICAgICA0IDQgICAgIDQEBQYHIxUWFyQlJicANTYwMzMzMzMzMzMzMzMzMzMzMyAgICAgICAgAgMCAxITEhMCAwIDEhMSEyAgICAgICAgAgMgIBITICACAyAgEhMgICAgAgMgIBITICACAyAgEhMCAwIDEhMSEwIDICASEyAgAgMCAxITEhMgIAIDICASEwIDICASEyAgAgMCAxITEhMgIAIDICASEwIDAgMSExITICAgICAgICACAyAgEhMgICAgICAgICAgICACAyAgEhMCAyAgEhMgICAgICAgICAgICACAyAgEhMgICAgICAgICAgICAgICAgICBUVSAgVlcgICAgICAgIFRVICBWVyAgICBUVSAgVlcgICAgICAgIFRVICBWVyAgICAgICAgICAwMDAwMDAwMAQFBgcjFRYXMDACAzAwEhMhIgIDMTISEyEiICAxMiAgICAgICAgICAwMDAwMDAwMEJCQkJDQ0NDJCUmJwA1NjAwMDAwMDAwMAgJCQkYGRkZKCkqKzgpOjsJCQkMGRkZHBARKSwpKSk8MDAwMDAwMDAwMDAwMDAwMAkJCQwZGRkcAQEpLCkpKTwCAwIDEhMSEwIDAgMSExITMDAwMDAwMDACAwIDEhMSEwIDAgMSExITMDAwMDAwMDBeXl5eNDReXl40NF5eXl5eISIwMDEyMDAwMDAwMDAwMCAgMDAgIDAwICAgICAgICAwMCAgMDAgICAgICAgICAgICAgICAgICAgIDAwICAwMCAgICAgICAgMDAgIDAwICAwMDAwMDAKC0JCGhtDQ0tMMDAwMAoLMDAaG0JCS0xDQ15eXl5eXl5eXl5eXl5eXl4wMDAwMDAwMDAwMDAwMDcwMDAwMAoLMDAaGzAwS0wwMDAwMDAwMAoLMDAaGzAwS0wwMDAwOV8wMDAwMDAwMDAwFBQUFBQUFBQUFBQUFBQUFDAwMDAwNzAwMDA5XzAwMDA0ICAgICAgNCA0ICAgICA0ICBNFCAgSBQgICAgICAgIBQUFBQUFBQUTRQUTkgUFEoUTiAgFEogICAgICAgICAgMDAwMDAwMDAwMCEiMDAxMjAwMDAwMDAwMDACAzAwEhMwMDAwMDAwMAIDAgMSExITMDAwMDAwMDACAzAwEhMwMAIDMDASEzAwAgMwMBITMDAwMAIDMDASEzAwMDAwMDAwAgMCAxITEhMwMDAwMDAwMAIDMDASEzAwMDAwMDAwMDAwMAIDMDASEzAwAgMwMBITMB0eHh0tLi4tLS4uLS0uLh4eHh4uLi4uLi4uLi4uLi4eHh8wLi4vHy4uLy8uLi8vLi4uLi4uLi4+Di4uDi0uLi0tLi4tLS4uLS0uLi0tLi4uLi4uLi4uLi4uLi4uLi4uLi4vLy4uLy8uLi8vLi4vLy4uLi4uLi4uLi4PPi4uLw8tLS4uLS0uLi09Pj49Pj4+Li4uLi4uLi4+Pj4+Pj4+Pi4uLy8uLi8vPj4/Lz4+Pj8uLi4uLi4uLkBBPj5AQT4+AgMCAxITEhMCAzAwEhMwMAIDAgMSExITMDACAzAwEhMeHi4uLi4uLi4uLi4uLi4uLi4eHi4uLi4uLi4uLi4uLgIDMDASEzAwAgMCAxITEhMwMAIDMDASEwIDAgMSExITHh4fMC4uLx8hIi8vMTIvL0kUFBQUFBQUFBQUFBQUFBQwMElJMDBIFDAwSBQwMEgUSUlJSRQUFBQUFBQUFBQUFElJSUkUFBRKFBQUShQUFEouLi4uLi4uLj4+QEE+PkBBMDBIFDAwSBQwMEgUMDBIFE0UFBRIFBQUSBQUFEgUFBQwMDAwUjAwMFIwMDAwMDAwMDAwMDAwMFMwMDBTMDAwMDBQUDAwMDAwMDAwMDAwMDAwMDAwMDAwMDAwMDAwUVEwSBQUFEgUFBRIFBQUSBQUFBQUFEoUFBRKFBQUShQUFEpJSUlJSBQUFEgUFBRIFBQUFBQUThQUFEoUFBRKFBQUShQUFEkUFBQUFBQUFBQUFBRIFBROSBQUSkgUFEpIFBRKSRQUShQUFEoUFBRKFBQUSiEiLi4xMi4uLi4PPi4uLw8dHh4fLS4uLy0uLi89Pj4/REVERUZHRkdERURFRkdGR1hZMDBaWzAwMDAwMDAwMDAwMDAwMDAwMFhZMDBaWzAwDU8wMFxdMDAwMDAwMDAwMDAwMDAwMDAwDU8wMFxdMDAUSjAwFEowMBRKMDAUSjAwFE4wMBRKMDAUSjAwFEowMDAwTRQwMEgUMDBIFDAwSBRERRQURkcUFERFFBRGRxQUFBQUFBQUFBRERURFRkdGR0RFREVGR0ZHFBQUFBQUFBRJSUgUFBQUFBQUFBQUFBQUFElJSBQUFBQUFBQUFBQUFBQUREUUFEZHFBRERRQURkdJSURFFBRGRxQUREUUFEZHSBQUFEgUFBRERURFRkdGR0gUFEpIFBRKSBQUSkgUFEodHh4eLS4uLi0uLi4tLi4uHh8UFC4vFBQuLxQULi8UFBQUHR4UFC0uFBQtLhQULS4eHh4fLi4uLy4uLi8uLi4vLS4uLi0uLi4tLi4uPT4+Pi4vFBQuLxQULi8UFD4/FBQUFC0uFBQtLhQULS4UFD0+Li4uLy4uLi8uLi4vPj4+PzAwMDAwMDAwVFVUVVZXVldUVVRVVldWVzAwMDAwMDAwMDBUVTAwVlcwMFRVMDBWV1RVMDBWVzAwVFUwMFZXMDA=
Gate_Block,EQERAQERARERAREBAREBEREBICEBETIzEQEgIQERMjMgIREBMjMBESAhEQEyMwERAAAAAAAAAAARAREBAREBETc4ODc3ODg3Nzg4Nzc4ODcKCxEBGhsBEREBEQEBEQERBQYAABUWAAAlJhEBNTYBEQAABQYAABUWEQElJgERNTYRARcYAREXGBEBFxgBERcYFxgRARcYAREXGBEBFxgBERAQEBAQEBAQEBAQEBAQEBARAREBAREBEQQEBAQUFBQUEQEHCQERMjMEBBEBFBQBEQkIBQYyMxUWEQElJgERNTYFBgcJFRYyMyUmEQE1NgERCQgRATIzARERAQQEAREUFAkIEQEXGAERFxgRARcYARERAQcJAREXGBEBFxgBERcYEQERAQERAREHCBEBFxgBEREBEQEBEQEREQEHCAERFxgRAQcJAREyMxEBEQEBEQERCQgRATIzARERAREBAREBESAhBwgyMyIjICEiIzIzIiMHCCAhIiMyMyIjICEiIzIzICERATIzAREgISAhMjMyMxEBICEBETIzICEgITIzMjMXGBEBMjMBEREBEQEBEQEREQEXGAERMjMRAREBAREBESAhICEyMzIzICERATIzAREgISAhMjMyMxEBICEBETIzEQERAQERAREgISAhMjMyMyAhICEyMzIzEQERAQERARERAQcJAREyMxEBEQEBEQERCQkJCTIzMjMRAREBAREBEQkIEQEyMwEREQERAQERAREMDSAhHB0yMyAhICEyMzIzEQERAQERARERAQcJAREyMxEBEQEBEQERCQkJCTIzMjMRAREBAREBEQkIEQEyMwERICERATIzAREXGBEBFxgBESspKyk7KjsqNzg4Nzc4ODcRAREBAREBESAhBwkyMzIzFxgRARcYAREgIREBMjMBEREBICEBETIzEQEXGAERFxgRAREBAREODxEBHh8BETIzEQERAQ4PAREeHxEBMjMBEQAAAAAAAA4PEQEeHwERMjMAAAAADg8AAB4fEQEyMwERFxgRARcYAREgISAhMjMyMwkIICEyMzIzEQERAQERAREgIQcJMjMyMxEBEQEBEQEROjotPTotPTotPTo6PTo6LTo6LT46LT0+LT06Pj06Oj4+Oi09Pi09Oj49Ojo+OjotEQEkJAERNDQRATk5AREBESQkEQE0NAEROTkRAQERARERAQIDARESExEBEQEBEQEREQERAQERARERAQoLAREaGwUGEQEVFgERJSYRATU2ARECAxEBEhMBEREBEQEBEQERSEhISEpKSkoRAREBAREBEUhISEhKSkpKQEFCQ1BRUlJISEhISkpKSkRFEQFUVQERVldYWTIzMjMRAREBAREBEREBJygBETBGEQExPAERMjMoKCgoRzo6RlM/PDwyMzIzAgMRARITARECAxEBEhMBEUhISEhKSgcIEQEXGAERFxgRAREBAREBEREBJygBETBGEQERAQERAREoKCgoRzo6RhcYEQEXGAERFxgRARcYARERAREBAREBEQcIEQEXGAEREQExPAERMjMRAREBAREBEVM/PDwyMzIzEQERAQERARERARcYAREXGBEBFxgBETIzWlsRATIzARERAREBAREBEREBFxgBERcYEQEXGAERFxgHCAcIIiMiIyIjIiMiIyIjAgMRARITARECAxEBEhMBEUxNEQFcXQEREQERAQERARFISE5PSkpKShEBEQEBEQEREQERAQERAREJCQkJMjMyMxEBEQEBEQEREQEMDQERHB0oGREBRywBETwsEQEyMwEREQERAQERAREJCQkIMjMyMxEBEQEBEQERBwkJCTIzMjMRAREBAREBEREBCgsBERobEQERAQERAREoGREBRywBEREBJygBETAuEQExPAERMjMoKCgoLjo6LlM/PDwyMzIzKBkRAS4sARE8LBEBMjMBETwsEQEyMwEREQERAQERARFISEhISkpKShEBEQEBEQERKykrKTsqOyoRAREBAREBEUhISEhKSkpKEQERAQERARFISEhISkpKShEBEQEBEQEREQERAQERAREHCBEBFxgBERcYEQEyMwEREQERAQERAREHCBEBFxgBERcYEQEyMwERBwgFBhcYFRYXGCUmMjM1NhEBBQYBERUWBwglJhcYNTYXGAUGMjMVFhEBJSYBETU2Xl4RATg4ARE4OBEBXl4BEREBXl4BETg4EQE4OAERXl4QEBAQEBAQECAhICEyMzIzEQEXGAERMjM4NxEBODcBETg3EQE4NwEREQEHCAERFxgRATc4ARE3OAcIEQEXGAERFxgRATIzARERATc4ARE3OBEBODgBEV5eCQgRATIzARE4OBEBXl4BEREBBwkBETIzCQgRATIzARERAV5eARE4OBEBBwkBETIzXl4RATg4ARE3ODg3Nzg4NxEBEQEBEQEREQERAQERARE3ODg3Nzg4N0hIKylKSjsqEQERAQERARERAQUGAREVFhEBJSYBETU2ZGVmZ3R1dneEhYaHlJWWl2hpamt4eXp7iImKi5iZmptoaWpreHl6e4iJiouYmZqbYGFiY3BxcnOAgYKDkJGSk2RlZmd0dXZ3hIWGh5SVlpdoaWpreHl6e4iJiouYmZqbbG1ub3x9fn+MjY6PnJ2en6ChoqOwsbKzwMHCw9DR0tOkpaantLW2t8TFxsfU1dbXqKmqq7i5urvIycrL2Nna26ytrq+8vb6/zM3Oz9zd3t8=
Gym_Block,AAAAAAAAAAAAAAAAAAAAAAUFBQUQEBAQEREREREREREUFBQUFBQUFBQUFBQUFBQUDw8PDw8PDw8PDw8PDw8PDxERERERERERBgYGBhYWFhYRERERERERERERERERERERERERERERERECOAcIEhMXGBERERERERERBwgCOBcYEhMHCAcIFxgXGAcIEREXGBERBwgHCBcYFxgREQcIEREXGAcIBwgXGBcYEREREREREREREREREREREQcIBwgXGBcYBwgRERcYEREHCAcIFxgXGBERBwgRERcYBwgHCBcYFxgHCBERFxgREQcIEREXGBEREREHCBERFxgREQcIEREXGCIjEREyMxERERERERERERERESIjEREyMxEREREREREREREREREREREHCBERFxgREREREREREREREREHCBERFxgFBQUFEBAQEAkKCQoZGhkaCQoUFBkaFBQJChQUGRoUFBQUCQoUFBkaFBQJChQUGRoUFBQUFBQUFBQUFBQUFBQUCQoJChkaGRoJCgkKGRoZGgI4AQESExERIiMRETIzEREUFAI4FBQSExQUIiMUFDIzEREREREREREEBAQEFBQUFBERBAQRERQUEREUFBERFBQEBBERFBQRERQUEREUFBERBAQEBBQUFBQBAQEBEREREQQEEREUFBERAQEREREREREEBAQEFBQUFBQUFBQUFBQUBQUFBRAQEBAUFBQUFBQUFAEBAQEREREREREREREREREUFBQUFBQUFAEBAQERERERICEgITAxMDEREREREREREUVGBQVWVlZWERERERERERFFRikqVlYNDgsMDQ4bHB0eEREREREREREREQsMEREbHBERERERERERAjgRERITERERERERERERERERAjgRERITJCYmJiUPDw9EBUVGVFZWViYmJicPDw81RUYFR1ZWVlclDw81JQ8PNSUPDzUlDw81Hx8fHx8fHx8RERERERERERERERERERERHx8fHx8fHx8fHxERHx8RER8fEREfHxEREREfHxERHx8RER8fEREfHwI4ERESExERIiMRETIzEREREQI4ERESExERIiMRETIzAysrKysrAysDKysrKysDKywtLC0uLy4vLC0sLS4vLi8rKysrKysrKywtKysuLysrKyssLSsrLi8rKysrKysrK1hZWVoZGhkaCQoJChkaGRosLSwtLi8uLywtKysuLysrLC0sLS4vLi8rKywtKysuLywtLC0uLy4vKysrKysrKyssLSsrLi8rKywtLC0uLy4vQEErK1BRKyssLSsrLi8rKysrLC0rKy4vKytAQSsrUFErKywtKysuLywtLC0uLy4vKysrKysrKyssLUBBLi9QURERERERERERERE/PxERPz8RET8/ERE/PxERERERERERERE8PBERTEwRETw8ERFMTBERERERERERPD08PTw9PD0kJiYnJQ8PNSUPDzUlDw81JQ8PNSUPDzUlDw81QhAQPhERERERERERJCYmJ0IQED4RERERERERET8/PD0/Pzw9JCYmJ0IQED4RERERERERESQnBQUlNRAQJTURESU1EREFBSQnEBAlNRERJTURESU1JCcRESU1ERElNRERJTURERERJCcRESU1ERElNRERJTUkJiYnQhAlNRERJTURESU1EREREREREREkJiYnQhAlNRERJCcRESU1ERElNRERJTUkJxERJTURESU1ERFCPhEREREkJxERJTURESU1ERFCPiQnERElNRERJQ8mJ0IQED4RERERERERERERJCcRESU1JTUREUI+ERERESQnERElNRERJTUREUI+ERERERERERERERERERERESQmJiclNRA+PT0REU1NEREkJiYnQhAQPhERJCYREUIQPz89PT8/TU0RET8/ERE/PyQmJidCEBA+JCYmJ0IQED4RET8/ERE/PyYnEREQPhERERERERERERFMTT8/TE0/PxERERERERERBQUFBRAQEBARETw8ERFMTBERPz8RET8/JCYmJ0IQJTUFBQUFEBAQEBERPz8RET8/TE0kJ0xNJTURESU1ERFCPhERERERERERPz8RET8/ERE/PxERPz8RERERERERERERERE9PRERTU0RESQnERElNRERERERERERJicRERA+EREFBQUFEBAQEFtcXV42N1VfBQUFBRAQEBApOzsqTjk5TzRDNENSU1JTEREREREREREpKikqDQ4NDg0ODQ4dHh0eEREREREREREpOzs7Tjk5OREREREREREROyoRETlPERFYWVlaERERERERERERERERCQoJChkaGRoGBgYGFhYWFlhZWVkRERERERERERERERFZWhEREREREREREREREREREREkJxERJTUkJg81QhAQPkhJJCdKSyU1ERElNRERJTURERERERERESQnERElNRERAjggIRITMDEiIxERMjMRESAhAjgwMRITEREiIxERMjM=
House_Block,qquqq7q7uruqq6qruru6uwEBAQEBAQEBAgMmJxITNi8BAQEBAQEBAScpAgMvORITAAAAAAAAAAABAQEBAQEBASYpJikODw4PDg8ODx4fHh8AACQkAAA0NAEBAQEBAQEBCgsBAQgJAQEaGwEBGBkBAQEBCgsBAQgJAQEaGwEBGBkAACQkAAA0NAEBAQEBAQEBAAAmKQAAMDEBATAxAQEeHxAQEBAQEBAQEBAQEBAQEBABAQEBAQEBAQQEBAQUFBQUAgM2LxITPDoBAQEBAQEBAS85AgM6OxITAQEBAQEBAQEAAC0uAAA9PgEBAQEBAQEBAQEBAQEBAQEBAQEBAQEBAUBBAAAgISYnQkM2Lx4fPDoAAAAAJykAAC85AQE6OwEBAABISQAAWFkBAQEBAQEBAUlLAABaWwAAAQEBAQEBAQEBAQEBAQEBAQEBJicBAUZHAQEBAQEBAQEnKQEBLzkBASQkAAA0NAAAAQEBAQEBAQEAPwA/PwA/AAEBAQEBAQEBAQFWVwEBPDoBAQIDAQESEy85AQE6OwEBAQEBAQEBAQEmKSYpMDEwMTAxMDEeHx4fAQE3KAE3AQEoATcBATcBAQE3AQE3ASgBAgMmJxITNi8BAQEBAQEBAScpHB0vOURFIgEoAQEiASgBAQEBAQEBAQA/I0o/AFRVASgBNwEBNwEcHVBRREVSUwEBNygBNwEBLzkCAzo7EhMBAQEBAQEBAQEBAQEBAQEBKissJQwNNTg=
Interior_Block,AAAAAAAAAAAAAAAAAAAAAB8fCwwfHxscHx8rLB8fOzwNDh8fHR4fH1tcHx8fHx8fHx8fHx8fHx8fHx8fHx8fHxAQEBAQBwgJIBcYGTAnKCkQEBAQChAQEBolJiYqNTY2EBAQEBAQEAcmJiAXNjYwJxAQEBAICQoQGBkaJSgpKjVFNzg5H1ABAh8fHx8fHx8fOkVFRQ8fHx8fHx8fHx8fH0VFRTcfHx9QHx8fHx8fHx84OTpFAQIPHx8fHx8fHx8fHx8fHx8fHx9GRkZGR0dHRy8vLy8vLy8vLy8vLy8vLy8fHx8fHx8fHx8fHx8fHx8fHx8fHx8fHx89Ph8fOzwfHx9ISkpIQEARTUBAIU1AQFtKSkkfEkBASSJAQE5cQEBONDQ0NEQxMjIfQUJCHx8fHzQ0NDQzREREQx8fHx8fHx8/QEBATz9AQB9PS0wfHx8fQEBAUUBAUVJMS1IfHx8fHxMUNDQjJEREHx8fHx8fHx80NBMUREQjJB8fHx8fHx8fHx89Ph8fOzwfHx8fHx8fHx8fHx8fHx8fHx89Ph8fOzw9Ph8fOzwfHx8fHx8fHx8fHx8fHx8fHx9XV1dXWFhYWB8fWVofH1laHx9ZWh8fW1wQEAMDEBAEBB8fHx8fHx8fEBAFBhAQFRYfHx8fHx8fH1laHx9ZWh8fWVotV1tcW1gfHx8fHx8fH11dXV1eXl5eLS4QEFlaEBBZWh8fWVofHxAQEBAQEBAQHx8fHx8fHx8tLi8vWVovL1laLy9ZWi8vWVofH1laHx9ZWh8fWVofH1laHx9ZWh8fLVdXV1tYWFgfHx8fHx8fH1dXV1dYWFhYWVovL1laLy9XLi8vWFwvL1laLy9ZWi8vWVovL1laLy8QEC0uEBBZWh8fWVofH1laHx9ZWh8fWVofH1laHx9ZWh8fHx8fHx8fV1dXLlhYWFwfHx8fHx8fHy1XV1dbWFhYWVofH1laHx9ZWi1XWVpbWB8fWVofH1laVy5ZWlhcW1wfHx8fHx8fH1cuLS5YXFlaHx8fHx8fHx8tV1cuW1hYXB8fHx8fHx8fV1dXV1dXV1dZWh8fWVofH1laLVdZWi1XWVo0NFlaRERZWh8fWVofHx8fHx8fHx8fVy4tLlcuWVo0NFlaRERZWh8fWVofH1laHx8fHx8fHx8tLh8fWVofH1laHx9ZWh8fLVdXLltYWFwLDA0OGxwdHissW1w7PB8fHx9TVB8fVVYfHx8fHx8fHw==
Lab_Block,AAAAAAAAAAAAAAAAAAAAACIiIiIiIiIiASYBJiYBJgFAQkBCCgsKCwoLCgsaGxobIiIQESIiICEBJgEmJgEmASIiIiIiIiIiMDEwMSIiIiIiIkBCIiIoKTAxKCkiIigpQEJAQigpKCkoKSgpKCkoKQEmASYmASYBASYBJiYBJgECAwQFEhMUFQYHCAkWFyYBLC0iIjw9IiIuLwEmPj8mASIiLC0iIjw9ASYuLyYBPj8MDQwNDA0MDQwNDA0MDQwNASYBJiYBJgEnJycnNzc3NywtASY8PSYBLi8BJj4/JgEBJiwtJgE8PQEmLi8mAT4/QEFBQlBRUVJQSElSUzo6VAEmDg8mAR4fASZAQSYBUFEBJg4PJgEeH0FBQUJRUVFSRUVGRVVVVlUKC0sKGhtbGkVGRUVVVlVVC0sKCxtbGhsBJlBRJgFTOgEmDg8mAR4fUVFRUjo6OlQBJg4PJgEeH0VGRTtVVlU7SktKO1pbWjs2NjY2NjY2NjY2NjY2NjY2TE0YGTQ1IiIBJgEmJgEmASMiIiIjIiIiASYBJiYBJgEcUVFRHFFRURxRUVEcUVFRUVFRHVFRUR1RUVEdUVFRHVFRUVFRUVFRUVFRUVFRUVEBJjIzJgFDRAEmMjMmAUNEMjMyM0NEQ0QBJjIzJgFDRDg4ASY5OSYBODgBJjk5JgFXWFhZHEdHHSQYGSUqIiIrAAAAAAAAAAAAAAAAAAAAAAAAAAAAAAAAAAAAAAAAAAABJgEmJgEmATg4ASY5OSYBASYBJiYBJgEBJkBBJgEqIjg4ODg5OTk5QUFBQSIiIiI4ODg4OTk5OUFBQUEiIiIiODgBJjk5JgFBQUFCIiIiKwIDBAUSExQVBgcICRYXJgFAQUFCUEhJUgYHCAkWFyYBAAAAAAAAAAAAAAAAAAAAAAAAAAAAAAAAAAAAAAAAAAAiIldYIiIcUQEmHFEmARxRWFhYWFFRUVFRUVFRUVFRUVhYWFhRUVFRUVFRUVFRUVFYWSIiUR0iIlEdASZRHSYBASYcUSYBJE4BJiROJgEqIlFRUVFOTk5OTk5OTiIiIiJRUVFRTk5OTk5OGBkiIiIiUR0BJk4lJgFOJQEmIismAQEmASYmASYBQUFBQiIiIisiIiIiIiIiIg4PASYeHyYBASYBJiYBJgFAQUFBKiIiIgEmASYmASYBQUFBQSIiIiIBJkBBJgFQUQEmUFEmAVM6QUFBQlFRUVJRUVFSOjo6VA==
Lobby_Block,AAAAAAAAAAAAAAAAAAAAAAEBAQEBAQEBAQEBASEhISEBAQEBAQEBAQwNAQEcHSEhAQEBAQEBAQEKCwEBGhshISQlDg80NR4fMBUVFSAgICAnJyQlNzc0NRUVFRUgICAgDg8gIB4fICAVMSAgICAgIAEBAQEBAQEBAgMCAxITEhMgICAgICAgIAQEBAQUFBQUICAHCCAgFxggIAcIICAXGCorLC06Ozw9QEFCQ1BRUlMgICAgICAgICAgICAgICAgAQEBAQEBAQEBASgoISE4OAEBAQEBAQEBBgEBARYhISEBAQEBAQEBAQ4PDg8eHx4fEBAQEBAQEBAQEBAQEBAQECYnJyc2ORUVNjkgIDY5ICAnJycnFRUVFSAgICAgICAgIiMiIzIzMjMgICAgICAgICAgICAgICAgICAgICAgICA2OSAgNjkgIDY5ICA2OSAgJicnJzAVFRUgICAgICAgICcnJykVFRUxICAgICAgICAgIDY5ICA2OSAgNjkgIDY5AQEBAQEBAQEBAQEBJikhIQEBAQEBAQEBAQEBASEhJikgICAgICAgICorLC06Ozw9JikmKSIjIiMiIyIjMjMyM0RERERUVFRUN0U3RUU3RTcJJycZNjc3OUY3N0dVVlc3QEFCQ1BRUlMgICAgICAgIAcIN0UXGEU3Bwg3RRcYRTc3RTdFRTdFNzdFN0VFN0U3N0UHCEU3Fxg3RQcIRTcXGAEBAQEBAQEBJikmKSIjIiMiIyIjMjMyMzdFN0VFN0U3AQEBAQEBAQFISQEBWFkhIQEBAQEBAQEBLi8BASEhISEnJy4vFRUVMSAgICAgICAgJycnKRUVNjkgIDY5ICA2OTdFN0VFN0U3N0UEBEU3FBQ3RTdFRTdFNwQEN0UUFEU3AQEBASEhISE3RTdFRTdFNwEBPgEhIT8hN0U3RUU3RTcBAQEBISEhIQcIBwgXGBcYBwgHCBcYFxgJJycZNjc3OQEBAQEhISEhN0UHCEU3Fxg3RTdFRTdFNycnJycVFRUVAQEBASEhISEgICAgICAgIEY3N0dVVlc3BwgHCBcYFxgBAQEBJikhITY5ICA2OSAgN0U3RUU3RTcnJycpFRUVFQEBSEkhIVhZN0U3RUU3RTcoKAEBODghITdFN0VFN0U3T09PTE9PT0xPT09MT09PTDdFN0VFN0U3RERERFRUVFRLTEtMS0xLTEtMS0xNTk1ONjk2OTY5Njk2OTY5Njk2OTdFN0VFN0U3JikmKTY5NjknKTc3Njk3NyYpNzciI1tbIiMuLzIzISE3RTdFRTdFNzdFN0VFN0U3BAQEBBQUFBQnJycnFRUVFTdFN0VFN0U3Nzc3Nzc3Nzc3Nzc3W1tbWzc3Nzc3Nzc3Nzc3NwoLW1tLT09PS09PT0tPT09LT09PT09PT09PT09PT09PT09PTwEBCgshIRobN0U3RUU3RTdcXFxcXV1dXUtMAT5LTCE/XFxcXF1dXV0BAQEBISEhITdFN0VFN0U3XFxcXF1dXV1cXFxcXV1dXQEBS0whIUtMS0w3RUtMRTdcXFxcXV1dXTdFS0xFN0tMXFxcXF1dXV1LTDdFS0xFN0tMN0VLTEU3N0VLTEU3S0w3RUtMRTdLTAQEBAQUFBQUN0U3RUU3RTdcXFxcXV1dXSgoKCg4ODg4N0UBAUU3ISE3RTdFRTdFNw==
Mansion_Block,AAAAAAAAAAAAAAAAAAAAAFBQUFBQUFBQDA0BARwdAQFRUkpLU1RKSwEBSksBAUpLUFBQUFBQUFABAQwNAQEcHRERSksREUpLERFKSxERSktMTExMHh4eHhERERERERERTExISR4eWFkREUpLERFKSwEBAQEBAQEBAQEBAQEBAQEREUpLBQVKSwEBSksBAVpbICAgICAgICAgICAgICAgICQlNDVAQUJDAgNVVhITERERERERERERERERERERERERERERERERERFMTExMHh4eHgEBAQEBAQEBTExMTRYXHl1MTExMHh4eHiQlNDVAQUJDEBAQEBAQEBAQEBAQEBAQECYnJyk2Nzc5Njc3OTw6OjsmKSYpIiMiIyIjIiMyMzIzERFERRERCAkREUZHEREYGURFSksICUpLRkdKSxgZWltQUFBQUFBQUAoLAQEaGwEBUFBKS1BQSksMDUpLHB1KS1BQUFBQUFBQDA0BARwdAQFQUEpLUFBKSwoLSksaG0pLUFBQUFBQUFAKCwwNGhscHVBQUFBQUFBQDA0KCxwdGhsmKUhJIiNYWSIjSksyM0pLTEwsXB4eSksKC0pLGhtKS0xMLE8eHkpLAQFKSwEBSksBAUpLAQFKSwEBSksBAUpLAQFKSwEBSksPIUpLHzFaWwEBAQEBAQEBDw8PDx8fHx9KSwEBSksBAUpLKg9aWysfSksmJ0pLNjdKSzY3Sks2NycnJyk3Nzc5Nzc3OTc3NzkCA1VWEhMRERERERERERERTExMTB4eJikRESIjEREyM0pLNjdKSzY3SkswHkpLMB43Nzc5Nzc3OVFSHl1TVAYHEREREREREREkJTQ1QEFCQ0xMTEweHh4eEREkJRERQEFMTEhJHh5YWTQ1SktCQ0pLJilMTCgVJik4VyIjMjMyMwIDVVYSExERLS4RET0+EREREQIDERESExERERERERERVVZKSxERSksREUpLERFKS1BQUFBQUFBQJicnKTY3Nzk9PhERPy8REUxMTEweHh4eERERERERERERERERBQUFBTY5AQE2OQEBNjkBATY5AQFQUFBQUFBQUAEBAQEBAQEBSksBAUpLAQFKSyoPSksrHwUFBQUBAQEBAQEBAQEBAQEFBURFAQEICQEBRkcBARgZREVERQgJCAlGR0ZHGBkYGRERERERERERJikmKTIzMjM2OQEBNjkBATY5AQE2OQEBNjkBATY5AQEmKQEBMjMBAVBQREUmKQgJNjlGRzY5GBlMTExMHh4eHgoLAQEaGwEBSksnJ0pLNzdKSzc3Sks3N0pLAQFKSwEBSksBAUpLAQEBAQEBAQEBAQQEBAQUFBQUJilQUCgVJik4VyIjMjMyM1BQJikmKSgVIiM4VzIzMjMREREREREREQQEBAQUFBQUEREREREREREmJycnNjc3NxERERERERERJycnKTc3NzlQUFBQUFBQUBERERERERERTk9MTEpLHh5KSwEBSksBATY3Nzc8Ojo6ERERERERERE3Nzc5Ojo6OxERERERERER
Overworld_Block,CgooKUtLSx8KCgofGhoaTyMjIyM5IyMjIyMjIyMjOSMFBgcHFRYXFyUmCwxOGhscBwcICRcXGBkKCigpGhoaTxQUFBQUFBQUFBQqKxQUOjs8PDw8BDwEPDw8PDw8PDw8ERERERERERFISTc3WFk3NywsLCwsLCwsLCwsLDc3Nzc5OTk5OTk5OTk5Rkc5OVZXBwcHBxcXFxcjCgojGhoaGiwsLCwsLCwsLCwsLCwsLCxSUlJSUlJSUlJSUlJSUlJSBQZTUxU4EhIVOBISFRYXF1NTU1MSEhISEhISEhcXFxdTUwgJEhI4GRISOBkXFxgZQEFAQVBRUFFAQUBBUFFQUSUmCgoPIiIiDwoKCk4aGhoiLz8iIiIiIgoKCgoaGhoaCgooKSIiIh8LDAofGxwaTyorKis6Ozo7KisqKzo7OjsqKxQUOjsUFCorKis6Ozo7FBQqKxQUOjsqKyorOjs6OyorKis6Ozo7KisUFDo7FBQqKyorOjs6OxQUKisUFDo7KisUFDo7FBQqKxQUOjsUFBQUKisUFDo7FBQqKxQUOjs5OTk5OTk5OTk5OTk2Nzc3Dg4jI1VVIyMODiMjVVUjIyMjIyM5IyMjQEFAQVBRUFEzMzMzMhQUFDIUFBQyFBQUMzMzMxQUFFQUFBRUFBQUVDMzMzMUFBQUFBQUFBQUFBRMU1NTWhISEloSEhJcFxcXU1NTTRISEloSEhJaFxcXXSEjIxAjIyMQIyMjECEjIxAgICAgIyMjIyMjIyMgICAgJycREScnEREnNjc3Njc3NxERJCQRESQkNzc0JDc3NzQQIyMhECMjIxAjIyMQIyMhECMjEBAjIxAQIyMQECMjECcnEREnJxERJycREScnERERESQkEREkJBERJCQRESQkERERERERERE3ExEREycRERERERERERERERE1NxERJDURERERERERERERERERERERFBQUMxQUFBQUFBQUFBQUFDMUFBQUFBQUFBQUFBQUFBQsLCwsLCwsLCwsLCw3NDw8BQYHBxUWFxclJgoiThoaGjk5OTk5OTk5OTk5OTk5OTlAQS0uUFE9PkBBLCxQUSwsQEFAQVBRUFEsLC0uLCw9Pi0uLCw9PiwsQEFAQVBRUFEsLC0uLCw9PkBBLCxQUSwsQEFAQVBRUFEsLEBBLCxQUQ8KCgoPS0tLD0tLS04aGhojIyMjOSMjIwUGBwcVFhcXIyMjIzkjIyMHBwgJFxcYGQpLSwpLS0tLCwwKChscGhoBAQI5EREkAhERJCQRESQkJSYKIlwXFxcPIgsMThobHAoKKCkXFxddCgoiHxoaGk8jHgEBHicREScnEREnJxERAQEBARERERERERERERERESorLCw6OywsLCwsLCwsLCwsLCwsLCwsLCorLCw6OywsLCxAQSwsUFEsLEBBNzRQURQUFBQUFBQUFBQUFBQUFBQQIyMhECMjIxAjIyMhICAgISMjECMjIxAjIyMQICAgISc5OTknOTk5Jzk5OSc5OTk5OQ0kOTkNJDk5DSQ5OQ0kICAgISMjIxAjIyMQISMjECEgICAQIyMjECMjIxAjIyEnOTk5Jzk5OSc5OTk2Nzw8OTkNJDk5DSQ5OQ0kNjc3NCwsLCwsLCwsQEEsLFBRLCwsLCorLCw6OywsKissLDo7KissLDo7LCwqKywsOjssLCwsKissLDo7KisqKzo7OjsqKywsOjssLCorKis6Ozo7KisqKzo7OjssLCwsLCwsLCwsLCwsLCwsKisqKzo7OjssLCorLCw6OywsLCwsLCwsPDw8PDw8PDw8PDw8PDw8PFtbW1tbW1tbW1tbW1tbW1s5OTk5OTk5OQ4ORkdVVVZXERERERERERE3Nzc3Nzc3NycsLCwnLCwsJywsLCcsLCwsLB0kLCwdJCwsHSQsLB0kJywsLCcsLCwnLCwsNjc3NywsHSQsLB0kLCwdJDc3NzQ5OTk5OTk5OTk5OTk8PDY3ISMjIRAjIxAQIyMQECMjEBAjIxAQIyMQECMjECEjIyEjIw4OIyNVVSMjDg4jI1VVLCxAQSwsUFEtLkBBPT5QUTk5OTk5OTk5KisqKzo7OjsqKyorOjs6OyorLCw6OywsKisqKzo7OjssLCorLCw6OxQUFFQUFBRUFBQUVBQUFFQyFBQUMhQUFDIUFBQyFBQUMhQUVDIUFFQyFBRUMhQUVCorMzM6OxQUKisUFDo7FBQPCgoKD0tLSw8KCgoPS0tLCgoKH0tLSx8KCgofS0tLHzMzKisUFDo7FBQqKxQUOjsUFBQUFBQUFCorKis6Ozo7QEFAQVBRUFEsLCwsLCwsLEBBLCxQUSwsQEEsLFBRLCwsLEBBLCxQUSwsQEEsLFBRLCwsLCwsLCxAQUBBUFFQURERJCQRESQkSEk0JFhZNzQSEhISEhISEhcXFxciIiIiCgoKH0tLSx9CQ0sfSkoaTwoKCh9LS0sfREVLH0pKGk8sLCwsLAMsAwMsAywsLCwsFTgSEhU4EhIVFhcXJSYiIhISOBkSEjgZFxcYGSIiKCk5OTk5OTk5OQ4ODg5VVVVVMTExMRQUFBQUFBQUFBQUFDAwMDAwMDAwMDBGRzAwVlcsMCwwMCwwLCwwLDAwLDAsMDkwOTkwOTAwOTA5OTA5MA8KCgoPS0tLD0sLDE4aGxwKCgoKS0tLS0tLS0saGhoaCgoKH0tLSx9LS0sfGhoaTwoKCgpLS0tLCgoKCktLS0s=
Plateau_Block,AAAAAAAAAAAAAAAAAAAAACMjIyMtIyMjIyMjIyMjLSMqKyorIh0iHSorKisiHSIdAQECLRERJAIRESQkEREkJBQUFBQUFBQUFBQUFBQUFBQnJxERJycREScnEREnJxEREREkJBERJCQRESQkEREkJCMeAQEeJxERJycREScnEREtLS0tLS0tLS0tCQotLRkaERERERERERE3Nzc3Nzc3NywsLCwsLCwsLCwsLCwsLCwBAQEBERERERERERERERERJycREScnEREnNjc3Njc3NxERJCQRESQkNzc0JDc3NzQtLS0tLS0tLS0tLS0tLS0tBwgHCBcYFxgHCAcIFxgXGDMzMzMyFBQUMhQUFDIUFBQzMzMzFBQUHxQUFB8UFBQfMzMzMxQUFBQUFBQUFBQUFCwsKissLCIdLCwqKywsIh0UFBQfFBQUHxQUFB8UFBQfMhQUFDIUFBQyFBQUMhQUFCorLCwiHSwsKissLCIdLCwDAwMDAwMDAwMDAwMDAwMDLi8DAy4vAwMlJgMDKCkNDSMjBwgtIxcYIy0sLCMjLCwDAwMDAwMDAwMDAwMNDQ0NAwMuLwMDLi8DAyUmDQ0oKRUWDw8FBg8PBQYPDxUWDg4PDw8PDw8PDw8PCwwODhscDw8PDw8PDw8LDA8PGxwODg8PFRYPDwUGDw8FBg4OFRYHCCMjFxgtIywsIy0sLCMjAwMDAwMDAwMDAwMDICEDAwMDAwMDAwMDAwMDAwMDICEsLAcILCwXGCwsBwgsLBcYBwgsLBcYLCwHCCwsFxgsLCMjEBItIygpIy0VFiMjMDEQEiMjKCktIxUWIy0wMSMjDw8PDw8PDw8PDw8PDg4ODg0NDQ0PDw8PDw8PDw4ODg4jIyMjIyMjIyAhIyMuLyMjIyMjIyMjIyMjIyAhIyMuLw0NFRYPDwUGDw8FBg4OMDEVFg0NBQYPDwUGDw8wMQ4OERERERERERE5Ojc3Ozw3NxERERERERERNxMRERMnERERERERERERERERERERERERERERERERERERETU3EREkNQcILCwXGCwsBwgsLBcYLCwsLAcILCwXGCwsBwgsLBcYBwgHCBcYFxgsLCwsLCwsLCwsLCwsLCwsBwgHCBcYFxguLwMDLi8DAy4vAwMuLwMDAwMuLwMDLi8DAy4vAwMuLzIUFBQUFBQUFBQUFBQUFBQUFBQfFBQUFBQUFBQUFBQUNTc3NyQ1NzckJBERJCQREUA+Pj5EPT09RD09PUQ9PT0+Pj5BPT09RD09PUQ9PT1EPj4+Pj09PT09PT09PT09PT09PT09PT09PT09PT09PT1EPT09RD09PUQ9PT1EPT09PT09RD09PUQ9PT1EPT09REVFRUVFRUVFRUVFRUVFRUUsIywjIywjLCwjLCMjLCMsLCMQEiMsKCksIxUWIywwMRASLCMoKSMsFRYsIzAxIywHCCwsFxgsLCAhLCwuLywsLCwHCCwsFxgsLCAhLCwuLxQUFBQUFBQUICEUFC4vFBQUFBQUFBQUFBQUICEUFC4vLCwsLCwsLCwsLAkKLCwZGgAAAAAAAAAAAAAAAAAAAAAAAAAAAAAAAAAAAAAAAAAA
Pokecenter_Block,AAAAAAAAAAAAAAAAAAAAAAMoECkTKBApAQsQKREbECkoOjsoKEpLKEhMTUlIBhZJAQsBCxEbERsBCwELERsRGwgICAoYGRgZAQsBCxEbERsICAQFGBkUFQELAQsRGxEbOAgICBgZGBkBCwELERsRGwgICAgYGRgZAQsBCxEbERskJTkLNDU8GyYnNgsqKxobKCgoKE5PTk9MTUxNFx0XHQELAQsRGxEbAQsMDBEbHBwBCwELERsRGwwMAQscHBEbKCgoKCgoKCgBCwELERsRG1xdKCheXygoAQsBCxEbERsgISAhMDEwMSIjIiMyMzIzAQsBCxEbERsBCwELERsRGzsoKAJLKCgSTQc2CxYNGhsBCwELGhsRGzYLAQsaGxEbKCgoKE5PTk9MTUxNFx0XHVpbWlssLSwtLi8uLz4/Pj8BCwELERsRG0BBQUNQUVFTREVFR1RVVVcBCwELERsRGzYLAQsaGxEbQEFBQ1BRUVM4CBApGRgZGDYLAQsaGxEbKCgoWSgoECk2Cw4PGhseHzYLAQsaGxEbNgsBCxobERs2CwELGhsRGwELDAwRGxwcAQsJWBEbERsBCwELERsRGwgICAgYGRgZAQtCRhEbUlZAQUFDUFFRU0RFRUdUVVVXAQsBCxEbERtaW1pbFCgoKAELAQsRGxEbWltaWygoKCgQKSg6ECkoShApSEwQKUgGBAU4CBQVGBkBCwELERsRG1pbAQsZGBEbAQsBCxEbERtaWwgIGRgYGQELQkYRG1JWAAAAAAAAAABaW1pbKCgoKA==
RedsHouse_Block,qquqq7q7uruqq6qruru6uwIDJicSEzY3AgMsKhITPDooKQIDODkSEyorAgM6OxITAAAAAAAAAAABAQEBAQEBASYpJikwMTAxIiMiIzIzMjMAACQlAAA0NQEBAQEBAQEBAQEODwEBHh8BAQEBAQEBAQAAJCUAADQ1AQEMDQEBHB0AACQlAAA0NQEBCgsBARobAAAkJQAANDUBAQYHAQEWFxAQEBAQEBAQEBAQEBAQEBABAQEBAQEBAQQEBAQUFBQULS4BAT0+AQE9PgEBPy8BAQEBBgcBARYXAQEODwEBHh8CAwEBEhMBAQEBAQEBAQEBAQEBAQEBAQEBAQEBAQEBAUBBAAAgISYnQkMsKjIzPDoAAAAAJykAACorAQE6OwEBREUBAQgJAQFGRwEBGBkBAQ==
Ship_Block,AAAAAAAAAAAAAAAAAAAAAAUzMzMVAQEBFQEBARUBAQEzMzMzAQEBAQEBAQEBAQEBMzMzBgEBARYBAQEWAQEBFgQEBAQEBAQEBAQEBAQEBAQBAQEBEREREQIDEBASExITDR0NHR0NHQ0JCgoMGRosHA0dDR0dDR0NDR0HCB0NFxgNHQ0dHQ0dDQcIDR0XGB0NDg8QEB4fEhMNHQ0dHQ0dDQIDEBASExITDR0NHR0NHQ0NHQ0dHQ0dDQ0dDR0dDR0NAQEBAQEBAQEBAQEBAQEBARUBAQEVAQEBFQEBARUBAQEBAQEWAQEBFgEBARYBAQEWFQEBATIREREgEBAQMBMSEyMEBAQjBAQEIwQEBCMEBAQBAQEBAQEBARUBAQEVAQEBAQEBAQEBAQEBAQEWAQEBFgEBARYREREiEBAQIRITEjEzBgQEARZKSgEmMzMBAQEBBTMzMxUBAQElAQEBAQEBAQQEBAQEBAQEIwQEBCMEBAQEBAQEBAQEBAQEJygEBDc4KSoEBDk6BAQjBAQEIwQEBAEBAQERERERAgMODxITHh8nKAQENzgEBCMEBAQjBAQEDR0NHR0NHQ0kJCQkNDQ0NCAQECEwExIxBAQnKAQENzgQEBAhEhMSMQQEBAQEBAQEFBQuLxQUPj8uLy4vPj8+Py4vIyM+PyMEIyMjBCMEBAQuLyMjPj8jBC4vIwQ+PyMELi8uLz4/Pj8BAS4vAQE+PyMEBAQjBAQELi8jBD4/IwQUFBQUFBQUFBQUFBQUFBQUIyMjIwQEBAQEBAQEBAQEBC4vLi8+Pz4/AQEBAQEBAQEUFBQUFBQUFC4vLi8+Pz4/LSMEBD0jBAQtIwQEPSMEBAEBAQEBAQEBFBQBARQUAQEjBAQEBAQEBAQEBAQEBAQEGUBBHBlQURwZLBocGSwsHAoKCgosQEEsLFBRLCwsGiwZLCwcCzs8Cw0dDR0dDR0NCgoKCiw1NSwsNTUsLCwsLA0dDR0dDR0NJygNHTc4HQ0CAwkMEhM2K0hJNitYWTYrAgMQEBITVFUNHUJDHQ0XGAIDEBASExITDR0NHR0NHQ0JCgoKGSxERRksLCw7PAsLCgwNHSwcHQ0sHA0dOzwdDQQEBAQEBAQEBAQpKgQEOToNHQ0dHQ0dDQ0dSEkdDVhZDR1GRx0NVlcNHVZXHQ1WVwIDEBAJCgoMGRosHAsLCwsQEAIDEhMSEw0dRkcdDVZXDR1WVx0NOzwNHQ0dHQ0dDRUBAQEVAQEBAQEBAQEBAQENHQ0dHQ0dDQcIDR0XGB0NDg8CAx4fEhMNHUZHHQ1WVxAQEBASExITDR0NHR0NHQ0=
ShipPort_Block,CgoKCgoKCgoKCgoKCgoKCjo6OjoUFBQUFBQUFBQUFBQKCgoKCgoKCgoKCgoKGhoKSElKS1hZPEwKCgoKCgoKCjo6OjoUFBQUFBQCAxAREhMUFBQUFBQUFAQFBgcAFRYXMjsUFDI7FBQJCQsLGBkYGTo6OjoUFBQUDA0ODxwdHh8gISIjMCEiM0BBQkMUUVJTJCUmJzQ1NjdERUVFVVVVVSgpKCk4OTg5RUVFRVVVVVUsLS4vPj0+L0VNTk9VXVpbCgoKCgoKCgoKCgoKCgoKChQUFBQUFBQUFBQUFBQUFBRWV1ZXAVABUFZXVlcBUAFQXFxcXFxcXFxcXFxcXFxcXDExFBQxMRQUMTExMTExMTExMRQUMTEUFDExFBQxMRQUFBQUFBQUFBQxMTExMTExMTo6OjoxMRQUMTEUFDExFBQKCgoKCgoKCgoKVD8KCghHMjsxMTI7MTEyOxQUMjsUFDExMTExMTExFBQUFBQUFBQ=
Underground_Block,AAAAAAAAAAAAAAAAAAAAABAQEBAQEBAQEBAQEBAQEBALDAsMDAsMCwsMCwwMCwwLBgYGBgkJCQkLDAsMDAsMCxgVCwwVGAwLGBULDBUYDAsLDAMEDAsTFAsMCwwMCwwLBQYGBggJCQkLDAsMDAsMCwYGBgcJCQkKCwwLDAwLDAsLDAsMDAsMCxgVCwwVGAwLBgYGBgkJCQkYFQsMFRgMCxECAgIXEBAQFxAQEBcQEBACAgISEBAQFhAQEBYQEBAWFxAQEBcQEBAXEBAQFxAQEBAQEBYQEBAWEBAQFhAQEBYCAgICEBAQEBAQEBAQEBAQGBULDBUYDAsDBAsMExQMCxgVCwwVGAwLCwwLDAwLDAs=
