id,name,base_address
1,event_followed_oak_into_lab,0xD747
2,event_001,
3,event_002,
4,event_hall_of_fame_dex_rating,
5,event_004,
6,event_005,
7,event_pallet_after_getting_pokeballs,
8,event_007,
9,event_008,
10,event_009,
11,event_00a,
12,event_00b,
13,event_00c,
14,event_00d,
15,event_00e,
16,event_00f,
17,event_010,
18,event_011,
19,event_012,
20,event_013,
21,event_014,
22,event_015,
23,event_016,
24,event_017,
25,event_got_town_map,
26,event_entered_blues_house,
27,event_daisy_walking,
28,event_01b,
29,event_01c,
30,event_01d,
31,event_01e,
32,event_01f,
33,event_followed_oak_into_lab_2,
34,event_oak_asked_to_choose_mon,
35,event_got_starter,
36,event_battled_rival_in_oaks_lab,
37,event_got_pokeballs_from_oak,
38,event_got_pokedex,
39,event_pallet_after_getting_pokeballs_2,
40,event_oak_appeared_in_pallet,
41,event_viridian_gym_open,
42,event_got_tm42,
43,event_02a,
44,event_02b,
45,event_02c,
46,event_02d,
47,event_02e,
48,event_02f,
49,event_030,
50,event_031,
51,event_032,
52,event_033,
53,event_034,
54,event_035,
55,event_036,
56,event_037,
57,event_oak_got_parcel,
58,event_got_oaks_parcel,
59,event_03a,
60,event_03b,
61,event_03c,
62,event_03d,
63,event_03e,
64,event_03f,
65,event_040,
66,event_041,
67,event_042,
68,event_043,
69,event_044,
70,event_045,
71,event_046,
72,event_047,
73,event_048,
74,event_049,
75,event_04a,
76,event_04b,
77,event_04c,
78,event_04d,
79,event_04e,
80,event_04f,
81,event_got_tm27,
82,event_beat_viridian_gym_giovanni,
83,event_beat_viridian_gym_trainer_0,
84,event_beat_viridian_gym_trainer_1,
85,event_beat_viridian_gym_trainer_2,
86,event_beat_viridian_gym_trainer_3,
87,event_beat_viridian_gym_trainer_4,
88,event_beat_viridian_gym_trainer_5,
89,event_beat_viridian_gym_trainer_6,
90,event_beat_viridian_gym_trainer_7,
91,event_05a,
92,event_05b,
93,event_05c,
94,event_05d,
95,event_05e,
96,event_05f,
97,event_060,
98,event_061,
99,event_062,
100,event_063,
101,event_064,
102,event_065,
103,event_066,
104,event_067,
105,event_bought_museum_ticket,
106,event_got_old_amber,
107,event_06a,
108,event_06b,
109,event_06c,
110,event_06d,
111,event_06e,
112,event_06f,
113,event_070,
114,event_071,
115,event_beat_pewter_gym_trainer_0,
116,event_073,
117,event_074,
118,event_075,
119,event_got_tm34,
120,event_beat_brock,
121,event_078,
122,event_079,
123,event_07a,
124,event_07b,
125,event_07c,
126,event_07d,
127,event_07e,
128,event_07f,
129,event_080,
130,event_081,
131,event_082,
132,event_083,
133,event_084,
134,event_085,
135,event_086,
136,event_087,
137,event_088,
138,event_089,
139,event_08a,
140,event_08b,
141,event_08c,
142,event_08d,
143,event_08e,
144,event_08f,
145,event_090,
146,event_091,
147,event_092,
148,event_093,
149,event_094,
150,event_095,
151,event_096,
152,event_097,
153,event_beat_cerulean_rival,
154,event_099,
155,event_09a,
156,event_09b,
157,event_09c,
158,event_09d,
159,event_09e,
160,event_09f,
161,event_0a0,
162,event_0a1,
163,event_0a2,
164,event_0a3,
165,event_0a4,
166,event_0a5,
167,event_0a6,
168,event_beat_cerulean_rocket_thief,
169,event_0a8,
170,event_0a9,
171,event_0aa,
172,event_0ab,
173,event_0ac,
174,event_0ad,
175,event_0ae,
176,event_0af,
177,event_0b0,
178,event_0b1,
179,event_0b2,
180,event_0b3,
181,event_0b4,
182,event_0b5,
183,event_0b6,
184,event_0b7,
185,event_0b8,
186,event_0b9,
187,event_beat_cerulean_gym_trainer_0,
188,event_beat_cerulean_gym_trainer_1,
189,event_0bc,
190,event_0bd,
191,event_got_tm11,
192,event_beat_misty,
193,event_got_bicycle,
194,event_0c1,
195,event_0c2,
196,event_0c3,
197,event_0c4,
198,event_0c5,
199,event_0c6,
200,event_0c7,
201,event_0c8,
202,event_0c9,
203,event_0ca,
204,event_0cb,
205,event_0cc,
206,event_0cd,
207,event_0ce,
208,event_0cf,
209,event_0d0,
210,event_0d1,
211,event_0d2,
212,event_0d3,
213,event_0d4,
214,event_0d5,
215,event_0d6,
216,event_0d7,
217,event_0d8,
218,event_0d9,
219,event_0da,
220,event_0db,
221,event_0dc,
222,event_0dd,
223,event_0de,
224,event_0df,
225,event_0e0,
226,event_0e1,
227,event_0e2,
228,event_0e3,
229,event_0e4,
230,event_0e5,
231,event_0e6,
232,event_0e7,
233,event_0e8,
234,event_0e9,
235,event_0ea,
236,event_0eb,
237,event_0ec,
238,event_0ed,
239,event_pokemon_tower_rival_on_left,
240,event_beat_pokemon_tower_rival,
241,event_0f0,
242,event_beat_pokemontower_3_trainer_0,
243,event_beat_pokemontower_3_trainer_1,
244,event_beat_pokemontower_3_trainer_2,
245,event_0f4,
246,event_0f5,
247,event_0f6,
248,event_0f7,
249,event_0f8,
250,event_beat_pokemontower_4_trainer_0,
251,event_beat_pokemontower_4_trainer_1,
252,event_beat_pokemontower_4_trainer_2,
253,event_0fc,
254,event_0fd,
255,event_0fe,
256,event_0ff,
257,event_100,
258,event_101,
259,event_beat_pokemontower_5_trainer_0,
260,event_beat_pokemontower_5_trainer_1,
261,event_beat_pokemontower_5_trainer_2,
262,event_beat_pokemontower_5_trainer_3,
263,event_106,
264,event_in_purified_zone,
265,event_108,
266,event_beat_pokemontower_6_trainer_0,
267,event_beat_pokemontower_6_trainer_1,
268,event_beat_pokemontower_6_trainer_2,
269,event_10c,
270,event_10d,
271,event_10e,
272,event_beat_ghost_marowak,
273,event_110,
274,event_beat_pokemontower_7_trainer_0,
275,event_beat_pokemontower_7_trainer_1,
276,event_beat_pokemontower_7_trainer_2,
277,event_114,
278,event_115,
279,event_116,
280,event_rescued_mr_fuji_2,
281,event_118,
282,event_119,
283,event_11a,
284,event_11b,
285,event_11c,
286,event_11d,
287,event_11e,
288,event_11f,
289,event_120,
290,event_121,
291,event_122,
292,event_123,
293,event_124,
294,event_125,
295,event_126,
296,event_127,
297,event_got_poke_flute,
298,event_129,
299,event_12a,
300,event_12b,
301,event_12c,
302,event_12d,
303,event_12e,
304,event_12f,
305,event_130,
306,event_131,
307,event_132,
308,event_133,
309,event_134,
310,event_135,
311,event_136,
312,event_137,
313,event_138,
314,event_139,
315,event_13a,
316,event_13b,
317,event_13c,
318,event_13d,
319,event_13e,
320,event_13f,
321,event_140,
322,event_141,
323,event_142,
324,event_143,
325,event_144,
326,event_145,
327,event_146,
328,event_147,
329,event_148,
330,event_149,
331,event_14a,
332,event_14b,
333,event_14c,
334,event_14d,
335,event_14e,
336,event_14f,
337,event_150,
338,event_got_bike_voucher,
339,event_152,
340,event_153,
341,event_154,
342,event_155,
343,event_seel_fan_boast,
344,event_pikachu_fan_boast,
345,event_158,
346,event_159,
347,event_15a,
348,event_15b,
349,event_15c,
350,event_15d,
351,event_15e,
352,event_15f,
353,event_2nd_lock_opened,
354,event_1st_lock_opened,
355,event_beat_vermilion_gym_trainer_0,
356,event_beat_vermilion_gym_trainer_1,
357,event_beat_vermilion_gym_trainer_2,
358,event_165,
359,event_got_tm24,
360,event_beat_lt_surge,
361,event_168,
362,event_169,
363,event_16a,
364,event_16b,
365,event_16c,
366,event_16d,
367,event_16e,
368,event_16f,
369,event_170,
370,event_171,
371,event_172,
372,event_173,
373,event_174,
374,event_175,
375,event_176,
376,event_177,
377,event_178,
378,event_179,
379,event_17a,
380,event_17b,
381,event_17c,
382,event_17d,
383,event_17e,
384,event_17f,
385,event_got_tm41,
386,event_181,
387,event_182,
388,event_183,
389,event_184,
390,event_185,
391,event_186,
392,event_187,
393,event_188,
394,event_189,
395,event_18a,
396,event_18b,
397,event_got_tm13,
398,event_got_tm48,
399,event_got_tm49,
400,event_got_tm18,
401,event_190,
402,event_191,
403,event_192,
404,event_193,
405,event_194,
406,event_195,
407,event_196,
408,event_197,
409,event_198,
410,event_199,
411,event_19a,
412,event_19b,
413,event_19c,
414,event_19d,
415,event_19e,
416,event_19f,
417,event_1a0,
418,event_1a1,
419,event_1a2,
420,event_1a3,
421,event_1a4,
422,event_1a5,
423,event_1a6,
424,event_1a7,
425,event_got_tm21,
426,event_beat_erika,
427,event_beat_celadon_gym_trainer_0,
428,event_beat_celadon_gym_trainer_1,
429,event_beat_celadon_gym_trainer_2,
430,event_beat_celadon_gym_trainer_3,
431,event_beat_celadon_gym_trainer_4,
432,event_beat_celadon_gym_trainer_5,
433,event_beat_celadon_gym_trainer_6,
434,event_1b1,
435,event_1b2,
436,event_1b3,
437,event_1b4,
438,event_1b5,
439,event_1b6,
440,event_1b7,
441,event_1b8,
442,event_found_rocket_hideout,
443,event_got_10_coins,
444,event_got_20_coins,
445,event_got_20_coins_2,
446,event_1bd,
447,event_1be,
448,event_1bf,
449,event_1c0,
450,event_1c1,
451,event_1c2,
452,event_1c3,
453,event_1c4,
454,event_1c5,
455,event_1c6,
456,event_1c7,
457,event_1c8,
458,event_1c9,
459,event_1ca,
460,event_1cb,
461,event_1cc,
462,event_1cd,
463,event_1ce,
464,event_1cf,
465,event_1d0,
466,event_1d1,
467,event_1d2,
468,event_1d3,
469,event_1d4,
470,event_1d5,
471,event_1d6,
472,event_1d7,
473,event_1d8,
474,event_1d9,
475,event_1da,
476,event_1db,
477,event_1dc,
478,event_1dd,
479,event_1de,
480,event_1df,
481,event_got_coin_case,
482,event_1e1,
483,event_1e2,
484,event_1e3,
485,event_1e4,
486,event_1e5,
487,event_1e6,
488,event_1e7,
489,event_1e8,
490,event_1e9,
491,event_1ea,
492,event_1eb,
493,event_1ec,
494,event_1ed,
495,event_1ee,
496,event_1ef,
497,event_1f0,
498,event_1f1,
499,event_1f2,
500,event_1f3,
501,event_1f4,
502,event_1f5,
503,event_1f6,
504,event_1f7,
505,event_1f8,
506,event_1f9,
507,event_1fa,
508,event_1fb,
509,event_1fc,
510,event_1fd,
511,event_1fe,
512,event_1ff,
513,event_200,
514,event_201,
515,event_202,
516,event_203,
517,event_204,
518,event_205,
519,event_206,
520,event_207,
521,event_208,
522,event_209,
523,event_20a,
524,event_20b,
525,event_20c,
526,event_20d,
527,event_20e,
528,event_20f,
529,event_210,
530,event_211,
531,event_212,
532,event_213,
533,event_214,
534,event_215,
535,event_216,
536,event_217,
537,event_218,
538,event_219,
539,event_21a,
540,event_21b,
541,event_21c,
542,event_21d,
543,event_21e,
544,event_21f,
545,event_220,
546,event_221,
547,event_222,
548,event_223,
549,event_224,
550,event_225,
551,event_226,
552,event_227,
553,event_228,
554,event_229,
555,event_22a,
556,event_22b,
557,event_22c,
558,event_22d,
559,event_22e,
560,event_22f,
561,event_230,
562,event_231,
563,event_232,
564,event_233,
565,event_234,
566,event_235,
567,event_236,
568,event_237,
569,event_got_hm04,
570,event_gave_gold_teeth,
571,event_23a,
572,event_23b,
573,event_23c,
574,event_23d,
575,event_23e,
576,event_23f,
577,event_240,
578,event_241,
579,event_242,
580,event_243,
581,event_244,
582,event_245,
583,event_246,
584,event_247,
585,event_248,
586,event_249,
587,event_24a,
588,event_24b,
589,event_24c,
590,event_24d,
591,event_safari_game_over,
592,event_in_safari_zone,
593,event_250,
594,event_251,
595,event_252,
596,event_253,
597,event_254,
598,event_255,
599,event_256,
600,event_257,
601,event_got_tm06,
602,event_beat_koga,
603,event_beat_fuchsia_gym_trainer_0,
604,event_beat_fuchsia_gym_trainer_1,
605,event_beat_fuchsia_gym_trainer_2,
606,event_beat_fuchsia_gym_trainer_3,
607,event_beat_fuchsia_gym_trainer_4,
608,event_beat_fuchsia_gym_trainer_5,
609,event_260,
610,event_261,
611,event_262,
612,event_263,
613,event_264,
614,event_265,
615,event_266,
616,event_267,
617,event_268,
618,event_269,
619,event_26a,
620,event_26b,
621,event_26c,
622,event_26d,
623,event_26e,
624,event_26f,
625,event_270,
626,event_271,
627,event_272,
628,event_273,
629,event_274,
630,event_275,
631,event_276,
632,event_277,
633,event_mansion_switch_on,
634,event_279,
635,event_27a,
636,event_27b,
637,event_27c,
638,event_27d,
639,event_27e,
640,event_27f,
641,event_280,
642,event_281,
643,event_282,
644,event_283,
645,event_284,
646,event_285,
647,event_286,
648,event_287,
649,event_288,
650,event_beat_mansion_1_trainer_0,
651,event_28a,
652,event_28b,
653,event_28c,
654,event_28d,
655,event_28e,
656,event_28f,
657,event_290,
658,event_291,
659,event_292,
660,event_293,
661,event_294,
662,event_295,
663,event_296,
664,event_297,
665,event_got_tm38,
666,event_beat_blaine,
667,event_beat_cinnabar_gym_trainer_0,
668,event_beat_cinnabar_gym_trainer_1,
669,event_beat_cinnabar_gym_trainer_2,
670,event_beat_cinnabar_gym_trainer_3,
671,event_beat_cinnabar_gym_trainer_4,
672,event_beat_cinnabar_gym_trainer_5,
673,event_beat_cinnabar_gym_trainer_6,
674,event_2a1,
675,event_2a2,
676,event_2a3,
677,event_2a4,
678,event_2a5,
679,event_2a6,
680,event_2a7,
681,event_cinnabar_gym_gate0_unlocked,
682,event_cinnabar_gym_gate1_unlocked,
683,event_cinnabar_gym_gate2_unlocked,
684,event_cinnabar_gym_gate3_unlocked,
685,event_cinnabar_gym_gate4_unlocked,
686,event_cinnabar_gym_gate5_unlocked,
687,event_cinnabar_gym_gate6_unlocked,
688,event_2af,
689,event_2b0,
690,event_2b1,
691,event_2b2,
692,event_2b3,
693,event_2b4,
694,event_2b5,
695,event_2b6,
696,event_2b7,
697,event_2b8,
698,event_2b9,
699,event_2ba,
700,event_2bb,
701,event_2bc,
702,event_2bd,
703,event_2be,
704,event_2bf,
705,event_2c0,
706,event_2c1,
707,event_2c2,
708,event_2c3,
709,event_2c4,
710,event_2c5,
711,event_2c6,
712,event_2c7,
713,event_2c8,
714,event_2c9,
715,event_2ca,
716,event_2cb,
717,event_2cc,
718,event_2cd,
719,event_2ce,
720,event_2cf,
721,event_2d0,
722,event_2d1,
723,event_2d2,
724,event_2d3,
725,event_2d4,
726,event_2d5,
727,event_2d6,
728,event_got_tm35,
729,event_2d8,
730,event_2d9,
731,event_2da,
732,event_2db,
733,event_2dc,
734,event_2dd,
735,event_2de,
736,event_2df,
737,event_gave_fossil_to_lab,
738,event_lab_still_reviving_fossil,
739,event_lab_handing_over_fossil_mon,
740,event_2e3,
741,event_2e4,
742,event_2e5,
743,event_2e6,
744,event_2e7,
745,event_2e8,
746,event_2e9,
747,event_2ea,
748,event_2eb,
749,event_2ec,
750,event_2ed,
751,event_2ee,
752,event_2ef,
753,event_2f0,
754,event_2f1,
755,event_2f2,
756,event_2f3,
757,event_2f4,
758,event_2f5,
759,event_2f6,
760,event_2f7,
761,event_2f8,
762,event_2f9,
763,event_2fa,
764,event_2fb,
765,event_2fc,
766,event_2fd,
767,event_2fe,
768,event_2ff,
769,event_300,
770,event_301,
771,event_302,
772,event_303,
773,event_304,
774,event_305,
775,event_306,
776,event_307,
777,event_308,
778,event_309,
779,event_30a,
780,event_30b,
781,event_30c,
782,event_30d,
783,event_30e,
784,event_30f,
785,event_310,
786,event_311,
787,event_312,
788,event_313,
789,event_314,
790,event_315,
791,event_316,
792,event_317,
793,event_318,
794,event_319,
795,event_31a,
796,event_31b,
797,event_31c,
798,event_31d,
799,event_31e,
800,event_31f,
801,event_320,
802,event_321,
803,event_322,
804,event_323,
805,event_324,
806,event_325,
807,event_326,
808,event_327,
809,event_328,
810,event_329,
811,event_32a,
812,event_32b,
813,event_32c,
814,event_32d,
815,event_32e,
816,event_32f,
817,event_330,
818,event_331,
819,event_332,
820,event_333,
821,event_334,
822,event_335,
823,event_336,
824,event_337,
825,event_338,
826,event_339,
827,event_33a,
828,event_33b,
829,event_33c,
830,event_33d,
831,event_33e,
832,event_33f,
833,event_got_tm31,
834,event_341,
835,event_342,
836,event_343,
837,event_344,
838,event_345,
839,event_346,
840,event_347,
841,event_348,
842,event_349,
843,event_34a,
844,event_34b,
845,event_34c,
846,event_34d,
847,event_34e,
848,event_34f,
849,event_defeated_fighting_dojo,
850,event_beat_karate_master,
851,event_beat_fighting_dojo_trainer_0,
852,event_beat_fighting_dojo_trainer_1,
853,event_beat_fighting_dojo_trainer_2,
854,event_beat_fighting_dojo_trainer_3,
855,event_got_hitmonlee,
856,event_got_hitmonchan,
857,event_358,
858,event_359,
859,event_35a,
860,event_35b,
861,event_35c,
862,event_35d,
863,event_35e,
864,event_35f,
865,event_got_tm46,
866,event_beat_sabrina,
867,event_beat_saffron_gym_trainer_0,
868,event_beat_saffron_gym_trainer_1,
869,event_beat_saffron_gym_trainer_2,
870,event_beat_saffron_gym_trainer_3,
871,event_beat_saffron_gym_trainer_4,
872,event_beat_saffron_gym_trainer_5,
873,event_beat_saffron_gym_trainer_6,
874,event_369,
875,event_36a,
876,event_36b,
877,event_36c,
878,event_36d,
879,event_36e,
880,event_36f,
881,event_370,
882,event_371,
883,event_372,
884,event_373,
885,event_374,
886,event_375,
887,event_376,
888,event_377,
889,event_378,
890,event_379,
891,event_37a,
892,event_37b,
893,event_37c,
894,event_37d,
895,event_37e,
896,event_37f,
897,event_380,
898,event_381,
899,event_382,
900,event_383,
901,event_384,
902,event_385,
903,event_386,
904,event_387,
905,event_388,
906,event_389,
907,event_38a,
908,event_38b,
909,event_38c,
910,event_38d,
911,event_38e,
912,event_38f,
913,event_390,
914,event_391,
915,event_392,
916,event_393,
917,event_394,
918,event_395,
919,event_396,
920,event_silph_co_receptionist_at_desk,
921,event_398,
922,event_399,
923,event_39a,
924,event_39b,
925,event_39c,
926,event_39d,
927,event_39e,
928,event_39f,
929,event_3a0,
930,event_3a1,
931,event_3a2,
932,event_3a3,
933,event_3a4,
934,event_3a5,
935,event_3a6,
936,event_3a7,
937,event_3a8,
938,event_3a9,
939,event_3aa,
940,event_3ab,
941,event_3ac,
942,event_3ad,
943,event_3ae,
944,event_3af,
945,event_got_tm29,
946,event_3b1,
947,event_3b2,
948,event_3b3,
949,event_3b4,
950,event_3b5,
951,event_3b6,
952,event_3b7,
953,event_3b8,
954,event_3b9,
955,event_3ba,
956,event_3bb,
957,event_3bc,
958,event_3bd,
959,event_3be,
960,event_3bf,
961,event_got_potion_sample,
962,event_3c1,
963,event_3c2,
964,event_3c3,
965,event_3c4,
966,event_3c5,
967,event_3c6,
968,event_3c7,
969,event_3c8,
970,event_3c9,
971,event_3ca,
972,event_3cb,
973,event_3cc,
974,event_3cd,
975,event_3ce,
976,event_3cf,
977,event_3d0,
978,event_3d1,
979,event_3d2,
980,event_3d3,
981,event_3d4,
982,event_3d5,
983,event_3d6,
984,event_3d7,
985,event_got_hm05,
986,event_3d9,
987,event_3da,
988,event_3db,
989,event_3dc,
990,event_3dd,
991,event_3de,
992,event_3df,
993,event_3e0,
994,event_3e1,
995,event_beat_route_3_trainer_0,
996,event_beat_route_3_trainer_1,
997,event_beat_route_3_trainer_2,
998,event_beat_route_3_trainer_3,
999,event_beat_route_3_trainer_4,
1000,event_beat_route_3_trainer_5,
1001,event_beat_route_3_trainer_6,
1002,event_beat_route_3_trainer_7,
1003,event_3ea,
1004,event_3eb,
1005,event_3ec,
1006,event_3ed,
1007,event_3ee,
1008,event_3ef,
1009,event_3f0,
1010,event_3f1,
1011,event_beat_route_4_trainer_0,
1012,event_3f3,
1013,event_3f4,
1014,event_3f5,
1015,event_3f6,
1016,event_3f7,
1017,event_3f8,
1018,event_3f9,
1019,event_3fa,
1020,event_3fb,
1021,event_3fc,
1022,event_3fd,
1023,event_3fe,
1024,event_bought_magikarp,
1025,event_400,
1026,event_401,
1027,event_402,
1028,event_403,
1029,event_404,
1030,event_405,
1031,event_406,
1032,event_407,
1033,event_408,
1034,event_409,
1035,event_40a,
1036,event_40b,
1037,event_40c,
1038,event_40d,
1039,event_40e,
1040,event_40f,
1041,event_410,
1042,event_beat_route_6_trainer_0,
1043,event_beat_route_6_trainer_1,
1044,event_beat_route_6_trainer_2,
1045,event_beat_route_6_trainer_3,
1046,event_beat_route_6_trainer_4,
1047,event_beat_route_6_trainer_5,
1048,event_417,
1049,event_418,
1050,event_419,
1051,event_41a,
1052,event_41b,
1053,event_41c,
1054,event_41d,
1055,event_41e,
1056,event_41f,
1057,event_420,
1058,event_421,
1059,event_422,
1060,event_423,
1061,event_424,
1062,event_425,
1063,event_426,
1064,event_427,
1065,event_428,
1066,event_429,
1067,event_42a,
1068,event_42b,
1069,event_42c,
1070,event_42d,
1071,event_42e,
1072,event_42f,
1073,event_430,
1074,event_beat_route_8_trainer_0,
1075,event_beat_route_8_trainer_1,
1076,event_beat_route_8_trainer_2,
1077,event_beat_route_8_trainer_3,
1078,event_beat_route_8_trainer_4,
1079,event_beat_route_8_trainer_5,
1080,event_beat_route_8_trainer_6,
1081,event_beat_route_8_trainer_7,
1082,event_beat_route_8_trainer_8,
1083,event_43a,
1084,event_43b,
1085,event_43c,
1086,event_43d,
1087,event_43e,
1088,event_43f,
1089,event_440,
1090,event_beat_route_9_trainer_0,
1091,event_beat_route_9_trainer_1,
1092,event_beat_route_9_trainer_2,
1093,event_beat_route_9_trainer_3,
1094,event_beat_route_9_trainer_4,
1095,event_beat_route_9_trainer_5,
1096,event_beat_route_9_trainer_6,
1097,event_beat_route_9_trainer_7,
1098,event_beat_route_9_trainer_8,
1099,event_44a,
1100,event_44b,
1101,event_44c,
1102,event_44d,
1103,event_44e,
1104,event_44f,
1105,event_450,
1106,event_beat_route_10_trainer_0,
1107,event_beat_route_10_trainer_1,
1108,event_beat_route_10_trainer_2,
1109,event_beat_route_10_trainer_3,
1110,event_beat_route_10_trainer_4,
1111,event_beat_route_10_trainer_5,
1112,event_457,
1113,event_458,
1114,event_beat_rock_tunnel_1_trainer_0,
1115,event_beat_rock_tunnel_1_trainer_1,
1116,event_beat_rock_tunnel_1_trainer_2,
1117,event_beat_rock_tunnel_1_trainer_3,
1118,event_beat_rock_tunnel_1_trainer_4,
1119,event_beat_rock_tunnel_1_trainer_5,
1120,event_beat_rock_tunnel_1_trainer_6,
1121,event_460,
1122,event_beat_power_plant_voltorb_0,
1123,event_beat_power_plant_voltorb_1,
1124,event_beat_power_plant_voltorb_2,
1125,event_beat_power_plant_voltorb_3,
1126,event_beat_power_plant_voltorb_4,
1127,event_beat_power_plant_voltorb_5,
1128,event_beat_power_plant_voltorb_6,
1129,event_beat_power_plant_voltorb_7,
1130,event_beat_zapdos,
1131,event_46a,
1132,event_46b,
1133,event_46c,
1134,event_46d,
1135,event_46e,
1136,event_46f,
1137,event_470,
1138,event_beat_route_11_trainer_0,
1139,event_beat_route_11_trainer_1,
1140,event_beat_route_11_trainer_2,
1141,event_beat_route_11_trainer_3,
1142,event_beat_route_11_trainer_4,
1143,event_beat_route_11_trainer_5,
1144,event_beat_route_11_trainer_6,
1145,event_beat_route_11_trainer_7,
1146,event_beat_route_11_trainer_8,
1147,event_beat_route_11_trainer_9,
1148,event_47b,
1149,event_47c,
1150,event_47d,
1151,event_47e,
1152,event_got_itemfinder,
1153,event_got_tm39,
1154,event_481,
1155,event_beat_route_12_trainer_0,
1156,event_beat_route_12_trainer_1,
1157,event_beat_route_12_trainer_2,
1158,event_beat_route_12_trainer_3,
1159,event_beat_route_12_trainer_4,
1160,event_beat_route_12_trainer_5,
1161,event_beat_route_12_trainer_6,
1162,event_489,
1163,event_48a,
1164,event_48b,
1165,event_48c,
1166,event_48d,
1167,event_fight_route12_snorlax,
1168,event_beat_route12_snorlax,
1169,event_490,
1170,event_beat_route_13_trainer_0,
1171,event_beat_route_13_trainer_1,
1172,event_beat_route_13_trainer_2,
1173,event_beat_route_13_trainer_3,
1174,event_beat_route_13_trainer_4,
1175,event_beat_route_13_trainer_5,
1176,event_beat_route_13_trainer_6,
1177,event_beat_route_13_trainer_7,
1178,event_beat_route_13_trainer_8,
1179,event_beat_route_13_trainer_9,
1180,event_49b,
1181,event_49c,
1182,event_49d,
1183,event_49e,
1184,event_49f,
1185,event_4a0,
1186,event_beat_route_14_trainer_0,
1187,event_beat_route_14_trainer_1,
1188,event_beat_route_14_trainer_2,
1189,event_beat_route_14_trainer_3,
1190,event_beat_route_14_trainer_4,
1191,event_beat_route_14_trainer_5,
1192,event_beat_route_14_trainer_6,
1193,event_beat_route_14_trainer_7,
1194,event_beat_route_14_trainer_8,
1195,event_beat_route_14_trainer_9,
1196,event_4ab,
1197,event_4ac,
1198,event_4ad,
1199,event_4ae,
1200,event_4af,
1201,event_got_exp_all,
1202,event_beat_route_15_trainer_0,
1203,event_beat_route_15_trainer_1,
1204,event_beat_route_15_trainer_2,
1205,event_beat_route_15_trainer_3,
1206,event_beat_route_15_trainer_4,
1207,event_beat_route_15_trainer_5,
1208,event_beat_route_15_trainer_6,
1209,event_beat_route_15_trainer_7,
1210,event_beat_route_15_trainer_8,
1211,event_beat_route_15_trainer_9,
1212,event_4bb,
1213,event_4bc,
1214,event_4bd,
1215,event_4be,
1216,event_4bf,
1217,event_4c0,
1218,event_beat_route_16_trainer_0,
1219,event_beat_route_16_trainer_1,
1220,event_beat_route_16_trainer_2,
1221,event_beat_route_16_trainer_3,
1222,event_beat_route_16_trainer_4,
1223,event_beat_route_16_trainer_5,
1224,event_4c7,
1225,event_fight_route16_snorlax,
1226,event_beat_route16_snorlax,
1227,event_4ca,
1228,event_4cb,
1229,event_4cc,
1230,event_4cd,
1231,event_got_hm02,
1232,event_rescued_mr_fuji,
1233,event_4d0,
1234,event_beat_route_17_trainer_0,
1235,event_beat_route_17_trainer_1,
1236,event_beat_route_17_trainer_2,
1237,event_beat_route_17_trainer_3,
1238,event_beat_route_17_trainer_4,
1239,event_beat_route_17_trainer_5,
1240,event_beat_route_17_trainer_6,
1241,event_beat_route_17_trainer_7,
1242,event_beat_route_17_trainer_8,
1243,event_beat_route_17_trainer_9,
1244,event_4db,
1245,event_4dc,
1246,event_4dd,
1247,event_4de,
1248,event_4df,
1249,event_4e0,
1250,event_beat_route_18_trainer_0,
1251,event_beat_route_18_trainer_1,
1252,event_beat_route_18_trainer_2,
1253,event_4e4,
1254,event_4e5,
1255,event_4e6,
1256,event_4e7,
1257,event_4e8,
1258,event_4e9,
1259,event_4ea,
1260,event_4eb,
1261,event_4ec,
1262,event_4ed,
1263,event_4ee,
1264,event_4ef,
1265,event_4f0,
1266,event_beat_route_19_trainer_0,
1267,event_beat_route_19_trainer_1,
1268,event_beat_route_19_trainer_2,
1269,event_beat_route_19_trainer_3,
1270,event_beat_route_19_trainer_4,
1271,event_beat_route_19_trainer_5,
1272,event_beat_route_19_trainer_6,
1273,event_beat_route_19_trainer_7,
1274,event_beat_route_19_trainer_8,
1275,event_beat_route_19_trainer_9,
1276,event_4fb,
1277,event_4fc,
1278,event_4fd,
1279,event_4fe,
1280,event_4ff,
1281,event_in_seafoam_islands,
1282,event_beat_route_20_trainer_0,
1283,event_beat_route_20_trainer_1,
1284,event_beat_route_20_trainer_2,
1285,event_beat_route_20_trainer_3,
1286,event_beat_route_20_trainer_4,
1287,event_beat_route_20_trainer_5,
1288,event_beat_route_20_trainer_6,
1289,event_beat_route_20_trainer_7,
1290,event_beat_route_20_trainer_8,
1291,event_beat_route_20_trainer_9,
1292,event_50b,
1293,event_50c,
1294,event_50d,
1295,event_seafoam1_boulder1_down_hole,
1296,event_seafoam1_boulder2_down_hole,
1297,event_510,
1298,event_beat_route_21_trainer_0,
1299,event_beat_route_21_trainer_1,
1300,event_beat_route_21_trainer_2,
1301,event_beat_route_21_trainer_3,
1302,event_beat_route_21_trainer_4,
1303,event_beat_route_21_trainer_5,
1304,event_beat_route_21_trainer_6,
1305,event_beat_route_21_trainer_7,
1306,event_beat_route_21_trainer_8,
1307,event_51a,
1308,event_51b,
1309,event_51c,
1310,event_51d,
1311,event_51e,
1312,event_51f,
1313,event_1st_route22_rival_battle,
1314,event_2nd_route22_rival_battle,
1315,event_522,
1316,event_523,
1317,event_524,
1318,event_beat_route22_rival_1st_battle,
1319,event_beat_route22_rival_2nd_battle,
1320,event_route22_rival_wants_battle,
1321,event_528,
1322,event_529,
1323,event_52a,
1324,event_52b,
1325,event_52c,
1326,event_52d,
1327,event_52e,
1328,event_52f,
1329,event_passed_cascadebadge_check,
1330,event_passed_thunderbadge_check,
1331,event_passed_rainbowbadge_check,
1332,event_passed_soulbadge_check,
1333,event_passed_marshbadge_check,
1334,event_passed_volcanobadge_check,
1335,event_passed_earthbadge_check,
1336,event_537,
1337,event_victory_road_2_boulder_on_switch1,
1338,event_beat_victory_road_2_trainer_0,
1339,event_beat_victory_road_2_trainer_1,
1340,event_beat_victory_road_2_trainer_2,
1341,event_beat_victory_road_2_trainer_3,
1342,event_beat_victory_road_2_trainer_4,
1343,event_beat_moltres,
1344,event_victory_road_2_boulder_on_switch2,
1345,event_got_nugget,
1346,event_beat_route24_rocket,
1347,event_beat_route_24_trainer_0,
1348,event_beat_route_24_trainer_1,
1349,event_beat_route_24_trainer_2,
1350,event_beat_route_24_trainer_3,
1351,event_beat_route_24_trainer_4,
1352,event_beat_route_24_trainer_5,
1353,event_548,
1354,event_nugget_reward_available,
1355,event_54a,
1356,event_54b,
1357,event_54c,
1358,event_54d,
1359,event_54e,
1360,event_54f,
1361,event_met_bill,
1362,event_beat_route_25_trainer_0,
1363,event_beat_route_25_trainer_1,
1364,event_beat_route_25_trainer_2,
1365,event_beat_route_25_trainer_3,
1366,event_beat_route_25_trainer_4,
1367,event_beat_route_25_trainer_5,
1368,event_beat_route_25_trainer_6,
1369,event_beat_route_25_trainer_7,
1370,event_beat_route_25_trainer_8,
1371,event_55a,
1372,event_used_cell_separator_on_bill,
1373,event_got_ss_ticket,
1374,event_met_bill_2,
1375,event_bill_said_use_cell_separator,
1376,event_left_bills_house_after_helping,
1377,event_560,
1378,event_561,
1379,event_beat_viridian_forest_trainer_0,
1380,event_beat_viridian_forest_trainer_1,
1381,event_beat_viridian_forest_trainer_2,
1382,event_565,
1383,event_566,
1384,event_567,
1385,event_568,
1386,event_569,
1387,event_56a,
1388,event_56b,
1389,event_56c,
1390,event_56d,
1391,event_56e,
1392,event_56f,
1393,event_570,
1394,event_beat_mt_moon_1_trainer_0,
1395,event_beat_mt_moon_1_trainer_1,
1396,event_beat_mt_moon_1_trainer_2,
1397,event_beat_mt_moon_1_trainer_3,
1398,event_beat_mt_moon_1_trainer_4,
1399,event_beat_mt_moon_1_trainer_5,
1400,event_beat_mt_moon_1_trainer_6,
1401,event_578,
1402,event_beat_mt_moon_exit_super_nerd,
1403,event_beat_mt_moon_3_trainer_0,
1404,event_beat_mt_moon_3_trainer_1,
1405,event_beat_mt_moon_3_trainer_2,
1406,event_beat_mt_moon_3_trainer_3,
1407,event_got_dome_fossil,
1408,event_got_helix_fossil,
1409,event_580,
1410,event_581,
1411,event_582,
1412,event_583,
1413,event_584,
1414,event_585,
1415,event_586,
1416,event_587,
1417,event_588,
1418,event_589,
1419,event_58a,
1420,event_58b,
1421,event_58c,
1422,event_58d,
1423,event_58e,
1424,event_58f,
1425,event_590,
1426,event_591,
1427,event_592,
1428,event_593,
1429,event_594,
1430,event_595,
1431,event_596,
1432,event_597,
1433,event_598,
1434,event_599,
1435,event_59a,
1436,event_59b,
1437,event_59c,
1438,event_59d,
1439,event_59e,
1440,event_59f,
1441,event_5a0,
1442,event_5a1,
1443,event_5a2,
1444,event_5a3,
1445,event_5a4,
1446,event_5a5,
1447,event_5a6,
1448,event_5a7,
1449,event_5a8,
1450,event_5a9,
1451,event_5aa,
1452,event_5ab,
1453,event_5ac,
1454,event_5ad,
1455,event_5ae,
1456,event_5af,
1457,event_5b0,
1458,event_5b1,
1459,event_5b2,
1460,event_5b3,
1461,event_5b4,
1462,event_5b5,
1463,event_5b6,
1464,event_5b7,
1465,event_5b8,
1466,event_5b9,
1467,event_5ba,
1468,event_5bb,
1469,event_5bc,
1470,event_5bd,
1471,event_5be,
1472,event_5bf,
1473,event_5c0,
1474,event_5c1,
1475,event_5c2,
1476,event_5c3,
1477,event_beat_ss_anne_5_trainer_0,
1478,event_beat_ss_anne_5_trainer_1,
1479,event_5c6,
1480,event_5c7,
1481,event_5c8,
1482,event_5c9,
1483,event_5ca,
1484,event_5cb,
1485,event_5cc,
1486,event_5cd,
1487,event_5ce,
1488,event_5cf,
1489,event_5d0,
1490,event_5d1,
1491,event_5d2,
1492,event_5d3,
1493,event_5d4,
1494,event_5d5,
1495,event_5d6,
1496,event_5d7,
1497,event_5d8,
1498,event_5d9,
1499,event_5da,
1500,event_5db,
1501,event_5dc,
1502,event_5dd,
1503,event_5de,
1504,event_5df,
1505,event_got_hm01,
1506,event_rubbed_captains_back,
1507,event_ss_anne_left,
1508,event_walked_past_guard_after_ss_anne_left,
1509,event_started_walking_out_of_dock,
1510,event_walked_out_of_dock,
1511,event_5e6,
1512,event_5e7,
1513,event_5e8,
1514,event_5e9,
1515,event_5ea,
1516,event_5eb,
1517,event_5ec,
1518,event_5ed,
1519,event_5ee,
1520,event_5ef,
1521,event_5f0,
1522,event_beat_ss_anne_8_trainer_0,
1523,event_beat_ss_anne_8_trainer_1,
1524,event_beat_ss_anne_8_trainer_2,
1525,event_beat_ss_anne_8_trainer_3,
1526,event_5f5,
1527,event_5f6,
1528,event_5f7,
1529,event_5f8,
1530,event_5f9,
1531,event_5fa,
1532,event_5fb,
1533,event_5fc,
1534,event_5fd,
1535,event_5fe,
1536,event_5ff,
1537,event_600,
1538,event_beat_ss_anne_9_trainer_0,
1539,event_beat_ss_anne_9_trainer_1,
1540,event_beat_ss_anne_9_trainer_2,
1541,event_beat_ss_anne_9_trainer_3,
1542,event_605,
1543,event_606,
1544,event_607,
1545,event_608,
1546,event_609,
1547,event_60a,
1548,event_60b,
1549,event_60c,
1550,event_60d,
1551,event_60e,
1552,event_60f,
1553,event_610,
1554,event_beat_ss_anne_10_trainer_0,
1555,event_beat_ss_anne_10_trainer_1,
1556,event_beat_ss_anne_10_trainer_2,
1557,event_beat_ss_anne_10_trainer_3,
1558,event_beat_ss_anne_10_trainer_4,
1559,event_beat_ss_anne_10_trainer_5,
1560,event_617,
1561,event_618,
1562,event_619,
1563,event_61a,
1564,event_61b,
1565,event_61c,
1566,event_61d,
1567,event_61e,
1568,event_61f,
1569,event_620,
1570,event_621,
1571,event_622,
1572,event_623,
1573,event_624,
1574,event_625,
1575,event_626,
1576,event_627,
1577,event_628,
1578,event_629,
1579,event_62a,
1580,event_62b,
1581,event_62c,
1582,event_62d,
1583,event_62e,
1584,event_62f,
1585,event_630,
1586,event_631,
1587,event_632,
1588,event_633,
1589,event_634,
1590,event_635,
1591,event_636,
1592,event_637,
1593,event_638,
1594,event_639,
1595,event_63a,
1596,event_63b,
1597,event_63c,
1598,event_63d,
1599,event_63e,
1600,event_63f,
1601,event_640,
1602,event_641,
1603,event_642,
1604,event_643,
1605,event_644,
1606,event_645,
1607,event_646,
1608,event_647,
1609,event_648,
1610,event_649,
1611,event_64a,
1612,event_64b,
1613,event_64c,
1614,event_64d,
1615,event_64e,
1616,event_64f,
1617,event_650,
1618,event_651,
1619,event_652,
1620,event_653,
1621,event_654,
1622,event_655,
1623,event_656,
1624,event_657,
1625,event_658,
1626,event_659,
1627,event_65a,
1628,event_65b,
1629,event_65c,
1630,event_65d,
1631,event_65e,
1632,event_65f,
1633,event_victory_road_3_boulder_on_switch1,
1634,event_beat_victory_road_3_trainer_0,
1635,event_beat_victory_road_3_trainer_1,
1636,event_beat_victory_road_3_trainer_2,
1637,event_beat_victory_road_3_trainer_3,
1638,event_665,
1639,event_victory_road_3_boulder_on_switch2,
1640,event_667,
1641,event_668,
1642,event_669,
1643,event_66a,
1644,event_66b,
1645,event_66c,
1646,event_66d,
1647,event_66e,
1648,event_66f,
1649,event_670,
1650,event_beat_rocket_hideout_1_trainer_0,
1651,event_beat_rocket_hideout_1_trainer_1,
1652,event_beat_rocket_hideout_1_trainer_2,
1653,event_beat_rocket_hideout_1_trainer_3,
1654,event_beat_rocket_hideout_1_trainer_4,
1655,event_676,
1656,event_677,
1657,event_678,
1658,event_679,
1659,event_67a,
1660,event_67b,
1661,event_67c,
1662,event_67d,
1663,event_67e,
1664,event_67f,
1665,event_680,
1666,event_beat_rocket_hideout_2_trainer_0,
1667,event_682,
1668,event_683,
1669,event_684,
1670,event_685,
1671,event_686,
1672,event_687,
1673,event_688,
1674,event_689,
1675,event_68a,
1676,event_68b,
1677,event_68c,
1678,event_68d,
1679,event_68e,
1680,event_68f,
1681,event_690,
1682,event_beat_rocket_hideout_3_trainer_0,
1683,event_beat_rocket_hideout_3_trainer_1,
1684,event_693,
1685,event_694,
1686,event_695,
1687,event_696,
1688,event_697,
1689,event_698,
1690,event_699,
1691,event_69a,
1692,event_69b,
1693,event_69c,
1694,event_69d,
1695,event_69e,
1696,event_69f,
1697,event_6a0,
1698,event_6a1,
1699,event_beat_rocket_hideout_4_trainer_0,
1700,event_beat_rocket_hideout_4_trainer_1,
1701,event_beat_rocket_hideout_4_trainer_2,
1702,event_rocket_hideout_4_door_unlocked,
1703,event_rocket_dropped_lift_key,
1704,event_beat_rocket_hideout_giovanni,
1705,event_6a8,
1706,event_6a9,
1707,event_6aa,
1708,event_6ab,
1709,event_6ac,
1710,event_6ad,
1711,event_6ae,
1712,event_6af,
1713,event_6b0,
1714,event_6b1,
1715,event_6b2,
1716,event_6b3,
1717,event_6b4,
1718,event_6b5,
1719,event_6b6,
1720,event_6b7,
1721,event_6b8,
1722,event_6b9,
1723,event_6ba,
1724,event_6bb,
1725,event_6bc,
1726,event_6bd,
1727,event_6be,
1728,event_6bf,
1729,event_6c0,
1730,event_6c1,
1731,event_6c2,
1732,event_6c3,
1733,event_6c4,
1734,event_6c5,
1735,event_6c6,
1736,event_6c7,
1737,event_6c8,
1738,event_6c9,
1739,event_6ca,
1740,event_6cb,
1741,event_6cc,
1742,event_6cd,
1743,event_6ce,
1744,event_6cf,
1745,event_6d0,
1746,event_6d1,
1747,event_6d2,
1748,event_6d3,
1749,event_6d4,
1750,event_6d5,
1751,event_6d6,
1752,event_6d7,
1753,event_6d8,
1754,event_6d9,
1755,event_6da,
1756,event_6db,
1757,event_6dc,
1758,event_6dd,
1759,event_6de,
1760,event_6df,
1761,event_6e0,
1762,event_6e1,
1763,event_6e2,
1764,event_6e3,
1765,event_6e4,
1766,event_6e5,
1767,event_6e6,
1768,event_6e7,
1769,event_6e8,
1770,event_6e9,
1771,event_6ea,
1772,event_6eb,
1773,event_6ec,
1774,event_6ed,
1775,event_6ee,
1776,event_6ef,
1777,event_6f0,
1778,event_6f1,
1779,event_beat_silph_co_2f_trainer_0,
1780,event_beat_silph_co_2f_trainer_1,
1781,event_beat_silph_co_2f_trainer_2,
1782,event_beat_silph_co_2f_trainer_3,
1783,event_6f6,
1784,event_6f7,
1785,event_6f8,
1786,event_6f9,
1787,event_6fa,
1788,event_6fb,
1789,event_6fc,
1790,event_silph_co_2_unlocked_door1,
1791,event_silph_co_2_unlocked_door2,
1792,event_got_tm36,
1793,event_700,
1794,event_701,
1795,event_beat_silph_co_3f_trainer_0,
1796,event_beat_silph_co_3f_trainer_1,
1797,event_704,
1798,event_705,
1799,event_706,
1800,event_707,
1801,event_silph_co_3_unlocked_door1,
1802,event_silph_co_3_unlocked_door2,
1803,event_70a,
1804,event_70b,
1805,event_70c,
1806,event_70d,
1807,event_70e,
1808,event_70f,
1809,event_710,
1810,event_711,
1811,event_beat_silph_co_4f_trainer_0,
1812,event_beat_silph_co_4f_trainer_1,
1813,event_beat_silph_co_4f_trainer_2,
1814,event_715,
1815,event_716,
1816,event_717,
1817,event_silph_co_4_unlocked_door1,
1818,event_silph_co_4_unlocked_door2,
1819,event_71a,
1820,event_71b,
1821,event_71c,
1822,event_71d,
1823,event_71e,
1824,event_71f,
1825,event_720,
1826,event_721,
1827,event_beat_silph_co_5f_trainer_0,
1828,event_beat_silph_co_5f_trainer_1,
1829,event_beat_silph_co_5f_trainer_2,
1830,event_beat_silph_co_5f_trainer_3,
1831,event_726,
1832,event_727,
1833,event_silph_co_5_unlocked_door1,
1834,event_silph_co_5_unlocked_door2,
1835,event_silph_co_5_unlocked_door3,
1836,event_72b,
1837,event_72c,
1838,event_72d,
1839,event_72e,
1840,event_72f,
1841,event_730,
1842,event_731,
1843,event_732,
1844,event_733,
1845,event_734,
1846,event_735,
1847,event_beat_silph_co_6f_trainer_0,
1848,event_beat_silph_co_6f_trainer_1,
1849,event_beat_silph_co_6f_trainer_2,
1850,event_739,
1851,event_73a,
1852,event_73b,
1853,event_73c,
1854,event_73d,
1855,event_73e,
1856,event_silph_co_6_unlocked_door,
1857,event_beat_silph_co_rival,
1858,event_741,
1859,event_742,
1860,event_743,
1861,event_744,
1862,event_beat_silph_co_7f_trainer_0,
1863,event_beat_silph_co_7f_trainer_1,
1864,event_beat_silph_co_7f_trainer_2,
1865,event_beat_silph_co_7f_trainer_3,
1866,event_749,
1867,event_74a,
1868,event_74b,
1869,event_silph_co_7_unlocked_door1,
1870,event_silph_co_7_unlocked_door2,
1871,event_silph_co_7_unlocked_door3,
1872,event_74f,
1873,event_750,
1874,event_751,
1875,event_beat_silph_co_8f_trainer_0,
1876,event_beat_silph_co_8f_trainer_1,
1877,event_beat_silph_co_8f_trainer_2,
1878,event_755,
1879,event_756,
1880,event_757,
1881,event_silph_co_8_unlocked_door,
1882,event_759,
1883,event_75a,
1884,event_75b,
1885,event_75c,
1886,event_75d,
1887,event_75e,
1888,event_75f,
1889,event_760,
1890,event_761,
1891,event_beat_silph_co_9f_trainer_0,
1892,event_beat_silph_co_9f_trainer_1,
1893,event_beat_silph_co_9f_trainer_2,
1894,event_765,
1895,event_766,
1896,event_767,
1897,event_silph_co_9_unlocked_door1,
1898,event_silph_co_9_unlocked_door2,
1899,event_silph_co_9_unlocked_door3,
1900,event_silph_co_9_unlocked_door4,
1901,event_76c,
1902,event_76d,
1903,event_76e,
1904,event_76f,
1905,event_770,
1906,event_beat_silph_co_10f_trainer_0,
1907,event_beat_silph_co_10f_trainer_1,
1908,event_773,
1909,event_774,
1910,event_775,
1911,event_776,
1912,event_777,
1913,event_silph_co_10_unlocked_door,
1914,event_779,
1915,event_77a,
1916,event_77b,
1917,event_77c,
1918,event_77d,
1919,event_77e,
1920,event_77f,
1921,event_780,
1922,event_781,
1923,event_782,
1924,event_783,
1925,event_beat_silph_co_11f_trainer_0,
1926,event_beat_silph_co_11f_trainer_1,
1927,event_786,
1928,event_787,
1929,event_silph_co_11_unlocked_door,
1930,event_789,
1931,event_78a,
1932,event_78b,
1933,event_78c,
1934,event_got_master_ball,
1935,event_78e,
1936,event_beat_silph_co_giovanni,
1937,event_790,
1938,event_791,
1939,event_792,
1940,event_793,
1941,event_794,
1942,event_795,
1943,event_796,
1944,event_797,
1945,event_798,
1946,event_799,
1947,event_79a,
1948,event_79b,
1949,event_79c,
1950,event_79d,
1951,event_79e,
1952,event_79f,
1953,event_7a0,
1954,event_7a1,
1955,event_7a2,
1956,event_7a3,
1957,event_7a4,
1958,event_7a5,
1959,event_7a6,
1960,event_7a7,
1961,event_7a8,
1962,event_7a9,
1963,event_7aa,
1964,event_7ab,
1965,event_7ac,
1966,event_7ad,
1967,event_7ae,
1968,event_7af,
1969,event_7b0,
1970,event_7b1,
1971,event_7b2,
1972,event_7b3,
1973,event_7b4,
1974,event_7b5,
1975,event_7b6,
1976,event_7b7,
1977,event_7b8,
1978,event_7b9,
1979,event_7ba,
1980,event_7bb,
1981,event_7bc,
1982,event_7bd,
1983,event_7be,
1984,event_7bf,
1985,event_7c0,
1986,event_7c1,
1987,event_7c2,
1988,event_7c3,
1989,event_7c4,
1990,event_7c5,
1991,event_7c6,
1992,event_7c7,
1993,event_7c8,
1994,event_7c9,
1995,event_7ca,
1996,event_7cb,
1997,event_7cc,
1998,event_7cd,
1999,event_7ce,
2000,event_7cf,
2001,event_7d0,
2002,event_7d1,
2003,event_7d2,
2004,event_7d3,
2005,event_7d4,
2006,event_7d5,
2007,event_7d6,
2008,event_7d7,
2009,event_7d8,
2010,event_7d9,
2011,event_7da,
2012,event_7db,
2013,event_7dc,
2014,event_7dd,
2015,event_7de,
2016,event_7df,
2017,event_7e0,
2018,event_7e1,
2019,event_7e2,
2020,event_7e3,
2021,event_7e4,
2022,event_7e5,
2023,event_7e6,
2024,event_7e7,
2025,event_7e8,
2026,event_7e9,
2027,event_7ea,
2028,event_7eb,
2029,event_7ec,
2030,event_7ed,
2031,event_7ee,
2032,event_7ef,
2033,event_7f0,
2034,event_7f1,
2035,event_7f2,
2036,event_7f3,
2037,event_7f4,
2038,event_7f5,
2039,event_7f6,
2040,event_7f7,
2041,event_7f8,
2042,event_7f9,
2043,event_7fa,
2044,event_7fb,
2045,event_7fc,
2046,event_7fd,
2047,event_7fe,
2048,event_7ff,
2049,event_800,
2050,event_beat_mansion_2_trainer_0,
2051,event_802,
2052,event_803,
2053,event_804,
2054,event_805,
2055,event_806,
2056,event_807,
2057,event_808,
2058,event_809,
2059,event_80a,
2060,event_80b,
2061,event_80c,
2062,event_80d,
2063,event_80e,
2064,event_80f,
2065,event_810,
2066,event_beat_mansion_3_trainer_0,
2067,event_beat_mansion_3_trainer_1,
2068,event_813,
2069,event_814,
2070,event_815,
2071,event_816,
2072,event_817,
2073,event_818,
2074,event_819,
2075,event_81a,
2076,event_81b,
2077,event_81c,
2078,event_81d,
2079,event_81e,
2080,event_81f,
2081,event_820,
2082,event_beat_mansion_4_trainer_0,
2083,event_beat_mansion_4_trainer_1,
2084,event_823,
2085,event_824,
2086,event_825,
2087,event_826,
2088,event_827,
2089,event_828,
2090,event_829,
2091,event_82a,
2092,event_82b,
2093,event_82c,
2094,event_82d,
2095,event_82e,
2096,event_82f,
2097,event_830,
2098,event_831,
2099,event_832,
2100,event_833,
2101,event_834,
2102,event_835,
2103,event_836,
2104,event_837,
2105,event_838,
2106,event_839,
2107,event_83a,
2108,event_83b,
2109,event_83c,
2110,event_83d,
2111,event_83e,
2112,event_83f,
2113,event_840,
2114,event_841,
2115,event_842,
2116,event_843,
2117,event_844,
2118,event_845,
2119,event_846,
2120,event_847,
2121,event_848,
2122,event_849,
2123,event_84a,
2124,event_84b,
2125,event_84c,
2126,event_84d,
2127,event_84e,
2128,event_84f,
2129,event_850,
2130,event_851,
2131,event_852,
2132,event_853,
2133,event_854,
2134,event_855,
2135,event_856,
2136,event_857,
2137,event_858,
2138,event_859,
2139,event_85a,
2140,event_85b,
2141,event_85c,
2142,event_85d,
2143,event_85e,
2144,event_85f,
2145,event_860,
2146,event_861,
2147,event_862,
2148,event_863,
2149,event_864,
2150,event_865,
2151,event_866,
2152,event_867,
2153,event_868,
2154,event_869,
2155,event_86a,
2156,event_86b,
2157,event_86c,
2158,event_86d,
2159,event_86e,
2160,event_86f,
2161,event_870,
2162,event_871,
2163,event_872,
2164,event_873,
2165,event_874,
2166,event_875,
2167,event_876,
2168,event_877,
2169,event_878,
2170,event_879,
2171,event_87a,
2172,event_87b,
2173,event_87c,
2174,event_87d,
2175,event_87e,
2176,event_87f,
2177,event_got_hm03,
2178,event_881,
2179,event_882,
2180,event_883,
2181,event_884,
2182,event_885,
2183,event_886,
2184,event_887,
2185,event_888,
2186,event_889,
2187,event_88a,
2188,event_88b,
2189,event_88c,
2190,event_88d,
2191,event_88e,
2192,event_88f,
2193,event_890,
2194,event_891,
2195,event_892,
2196,event_893,
2197,event_894,
2198,event_895,
2199,event_896,
2200,event_897,
2201,event_898,
2202,event_899,
2203,event_89a,
2204,event_89b,
2205,event_89c,
2206,event_89d,
2207,event_89e,
2208,event_89f,
2209,event_8a0,
2210,event_8a1,
2211,event_8a2,
2212,event_8a3,
2213,event_8a4,
2214,event_8a5,
2215,event_8a6,
2216,event_8a7,
2217,event_8a8,
2218,event_8a9,
2219,event_8aa,
2220,event_8ab,
2221,event_8ac,
2222,event_8ad,
2223,event_8ae,
2224,event_8af,
2225,event_8b0,
2226,event_8b1,
2227,event_8b2,
2228,event_8b3,
2229,event_8b4,
2230,event_8b5,
2231,event_8b6,
2232,event_8b7,
2233,event_8b8,
2234,event_8b9,
2235,event_8ba,
2236,event_8bb,
2237,event_8bc,
2238,event_8bd,
2239,event_8be,
2240,event_8bf,
2241,event_8c0,
2242,event_beat_mewtwo,
2243,event_8c2,
2244,event_8c3,
2245,event_8c4,
2246,event_8c5,
2247,event_8c6,
2248,event_8c7,
2249,event_8c8,
2250,event_8c9,
2251,event_8ca,
2252,event_8cb,
2253,event_8cc,
2254,event_8cd,
2255,event_8ce,
2256,event_8cf,
2257,event_8d0,
2258,event_8d1,
2259,event_8d2,
2260,event_8d3,
2261,event_8d4,
2262,event_8d5,
2263,event_8d6,
2264,event_8d7,
2265,event_8d8,
2266,event_8d9,
2267,event_8da,
2268,event_8db,
2269,event_8dc,
2270,event_8dd,
2271,event_8de,
2272,event_8df,
2273,elite4_events_start,
2274,event_beat_loreleis_room_trainer_0,
2275,event_8e2,
2276,event_8e3,
2277,event_8e4,
2278,event_8e5,
2279,event_autowalked_into_loreleis_room,
2280,event_8e7,
2281,event_8e8,
2282,event_beat_brunos_room_trainer_0,
2283,event_8ea,
2284,event_8eb,
2285,event_8ec,
2286,event_8ed,
2287,event_autowalked_into_brunos_room,
2288,event_8ef,
2289,event_8f0,
2290,event_beat_agathas_room_trainer_0,
2291,event_8f2,
2292,event_8f3,
2293,event_8f4,
2294,event_8f5,
2295,event_autowalked_into_agathas_room,
2296,event_8f7,
2297,event_8f8,
2298,event_beat_lances_room_trainer_0,
2299,event_8fa,
2300,event_8fb,
2301,event_8fc,
2302,event_8fd,
2303,event_beat_lance,
2304,event_lances_room_lock_door,
2305,event_900,
2306,event_beat_champion_rival,
2307,event_902,
2308,event_903,
2309,event_904,
2310,event_905,
2311,event_906,
2312,elite4_champion_events_end,
2313,event_908,
2314,event_909,
2315,event_90a,
2316,event_90b,
2317,event_90c,
2318,event_90d,
2319,event_90e,
2320,event_90f,
2321,event_910,
2322,event_beat_victory_road_1_trainer_0,
2323,event_beat_victory_road_1_trainer_1,
2324,event_913,
2325,event_914,
2326,event_915,
2327,event_916,
2328,event_victory_road_1_boulder_on_switch,
2329,event_918,
2330,event_919,
2331,event_91a,
2332,event_91b,
2333,event_91c,
2334,event_91d,
2335,event_91e,
2336,event_91f,
2337,event_920,
2338,event_921,
2339,event_922,
2340,event_923,
2341,event_924,
2342,event_925,
2343,event_926,
2344,event_927,
2345,event_928,
2346,event_929,
2347,event_92a,
2348,event_92b,
2349,event_92c,
2350,event_92d,
2351,event_92e,
2352,event_92f,
2353,event_930,
2354,event_931,
2355,event_932,
2356,event_933,
2357,event_934,
2358,event_935,
2359,event_936,
2360,event_937,
2361,event_938,
2362,event_939,
2363,event_93a,
2364,event_93b,
2365,event_93c,
2366,event_93d,
2367,event_93e,
2368,event_93f,
2369,event_940,
2370,event_941,
2371,event_942,
2372,event_943,
2373,event_944,
2374,event_945,
2375,event_946,
2376,event_947,
2377,event_948,
2378,event_949,
2379,event_94a,
2380,event_94b,
2381,event_94c,
2382,event_94d,
2383,event_94e,
2384,event_94f,
2385,event_950,
2386,event_951,
2387,event_952,
2388,event_953,
2389,event_954,
2390,event_955,
2391,event_956,
2392,event_957,
2393,event_958,
2394,event_959,
2395,event_95a,
2396,event_95b,
2397,event_95c,
2398,event_95d,
2399,event_95e,
2400,event_95f,
2401,event_960,
2402,event_961,
2403,event_962,
2404,event_963,
2405,event_964,
2406,event_965,
2407,event_966,
2408,event_967,
2409,event_968,
2410,event_969,
2411,event_96a,
2412,event_96b,
2413,event_96c,
2414,event_96d,
2415,event_96e,
2416,event_96f,
2417,event_970,
2418,event_971,
2419,event_972,
2420,event_973,
2421,event_974,
2422,event_975,
2423,event_976,
2424,event_977,
2425,event_978,
2426,event_979,
2427,event_97a,
2428,event_97b,
2429,event_97c,
2430,event_97d,
2431,event_97e,
2432,event_97f,
2433,event_980,
2434,event_981,
2435,event_982,
2436,event_983,
2437,event_984,
2438,event_985,
2439,event_986,
2440,event_987,
2441,event_988,
2442,event_989,
2443,event_98a,
2444,event_98b,
2445,event_98c,
2446,event_98d,
2447,event_98e,
2448,event_98f,
2449,event_990,
2450,event_991,
2451,event_992,
2452,event_993,
2453,event_994,
2454,event_995,
2455,event_996,
2456,event_997,
2457,event_998,
2458,event_999,
2459,event_99a,
2460,event_99b,
2461,event_99c,
2462,event_99d,
2463,event_99e,
2464,event_99f,
2465,event_9a0,
2466,event_9a1,
2467,event_9a2,
2468,event_9a3,
2469,event_9a4,
2470,event_9a5,
2471,event_9a6,
2472,event_9a7,
2473,event_9a8,
2474,event_9a9,
2475,event_9aa,
2476,event_9ab,
2477,event_9ac,
2478,event_9ad,
2479,event_9ae,
2480,event_9af,
2481,event_9b0,
2482,event_beat_rock_tunnel_2_trainer_0,
2483,event_beat_rock_tunnel_2_trainer_1,
2484,event_beat_rock_tunnel_2_trainer_2,
2485,event_beat_rock_tunnel_2_trainer_3,
2486,event_beat_rock_tunnel_2_trainer_4,
2487,event_beat_rock_tunnel_2_trainer_5,
2488,event_beat_rock_tunnel_2_trainer_6,
2489,event_beat_rock_tunnel_2_trainer_7,
2490,event_9b9,
2491,event_9ba,
2492,event_9bb,
2493,event_9bc,
2494,event_9bd,
2495,event_9be,
2496,event_9bf,
2497,event_seafoam2_boulder1_down_hole,
2498,event_seafoam2_boulder2_down_hole,
2499,event_9c2,
2500,event_9c3,
2501,event_9c4,
2502,event_9c5,
2503,event_9c6,
2504,event_9c7,
2505,event_seafoam3_boulder1_down_hole,
2506,event_seafoam3_boulder2_down_hole,
2507,event_9ca,
2508,event_9cb,
2509,event_9cc,
2510,event_9cd,
2511,event_9ce,
2512,event_9cf,
2513,event_seafoam4_boulder1_down_hole,
2514,event_seafoam4_boulder2_down_hole,
2515,event_9d2,
2516,event_9d3,
2517,event_9d4,
2518,event_9d5,
2519,event_9d6,
2520,event_9d7,
2521,event_9d8,
2522,event_9d9,
2523,event_beat_articuno,
2524,event_9db,
2525,event_9dc,
2526,event_9dd,
2527,event_9de,
2528,event_9df,
2529,event_9e0,
2530,event_9e1,
2531,event_9e2,
2532,event_9e3,
2533,event_9e4,
2534,event_9e5,
2535,event_9e6,
2536,event_9e7,
2537,event_9e8,
2538,event_9e9,
2539,event_9ea,
2540,event_9eb,
2541,event_9ec,
2542,event_9ed,
2543,event_9ee,
2544,event_9ef,
2545,event_9f0,
2546,event_9f1,
2547,event_9f2,
2548,event_9f3,
2549,event_9f4,
2550,event_9f5,
2551,event_9f6,
2552,event_9f7,
2553,event_9f8,
2554,event_9f9,
2555,event_9fa,
2556,event_9fb,
2557,event_9fc,
2558,event_9fd,
2559,event_9fe,
2560,event_9ff,
